ID;Name;Age;Nationality;Overall;Club;Value;Preferred Foot;Position;Height;Weight;Positioning;Finishing
158023;L. Messi;31;Argentina;94;FC Barcelona;110500000;Left;RF;5'7;72;94;95
20801;Cristiano Ronaldo;33;Portugal;94;Juventus;77000000;Right;ST;6'2;83;95;94
190871;Neymar Jr;26;Brazil;92;Paris Saint-Germain;118500000;Right;LW;5'9;68;89;87
193080;De Gea;27;Spain;91;Manchester United;72000000;Right;GK;6'4;76;12;13
192985;K. De Bruyne;27;Belgium;91;Manchester City;102000000;Right;RCM;5'11;70;87;82
183277;E. Hazard;27;Belgium;91;Chelsea;93000000;Right;LF;5'8;74;87;84
177003;L. Modrić;32;Croatia;91;Real Madrid;67000000;Right;RCM;5'8;66;79;72
176580;L. Suárez;31;Uruguay;91;FC Barcelona;80000000;Right;RS;6'0;86;92;93
155862;Sergio Ramos;32;Spain;91;Real Madrid;51000000;Right;RCB;6'0;82;60;60
200389;J. Oblak;25;Slovenia;90;Atlético Madrid;68000000;Right;GK;6'2;87;11;11
188545;R. Lewandowski;29;Poland;90;FC Bayern München;77000000;Right;ST;6'0;80;91;91
182521;T. Kroos;28;Germany;90;Real Madrid;76500000;Right;LCM;6'0;76;79;76
182493;D. Godín;32;Uruguay;90;Atlético Madrid;44000000;Right;CB;6'2;78;48;42
168542;David Silva;32;Spain;90;Manchester City;60000000;Left;LCM;5'8;67;89;76
215914;N. Kanté;27;France;89;Chelsea;63000000;Right;LDM;5'6;72;71;65
211110;P. Dybala;24;Argentina;89;Juventus;89000000;Left;LF;5'10;75;84;84
202126;H. Kane;24;England;89;Tottenham Hotspur;83500000;Right;ST;6'2;89;93;94
194765;A. Griezmann;27;France;89;Atlético Madrid;78000000;Left;CAM;5'9;73;91;90
192448;M. ter Stegen;26;Germany;89;FC Barcelona;58000000;Right;GK;6'2;85;11;14
192119;T. Courtois;26;Belgium;89;Real Madrid;53500000;Left;GK;6'6;96;13;14
189511;Sergio Busquets;29;Spain;89;FC Barcelona;51500000;Right;CDM;6'2;76;77;67
179813;E. Cavani;31;Uruguay;89;Paris Saint-Germain;60000000;Right;LS;6'1;77;93;89
167495;M. Neuer;32;Germany;89;FC Bayern München;38000000;Right;GK;6'4;92;12;13
153079;S. Agüero;30;Argentina;89;Manchester City;64500000;Right;ST;5'8;70;92;93
138956;G. Chiellini;33;Italy;89;Juventus;27000000;Left;LCB;6'2;85;28;33
231747;K. Mbappé;19;France;88;Paris Saint-Germain;81000000;Right;RM;5'10;73;88;88
209331;M. Salah;26;Egypt;88;Liverpool;69500000;Left;RM;5'9;71;90;90
200145;Casemiro;26;Brazil;88;Real Madrid;59500000;Right;CDM;6'1;84;69;59
198710;J. Rodríguez;26;Colombia;88;FC Bayern München;69500000;Left;LAM;5'11;78;80;83
198219;L. Insigne;27;Italy;88;Napoli;62000000;Right;LW;5'4;59;83;77
197781;Isco;26;Spain;88;Real Madrid;73500000;Right;LW;5'9;79;78;79
190460;C. Eriksen;26;Denmark;88;Tottenham Hotspur;73500000;Right;CAM;5'11;76;83;80
189242;Coutinho;26;Brazil;88;FC Barcelona;69500000;Right;LW;5'8;68;84;79
188567;P. Aubameyang;29;Gabon;88;Arsenal;59000000;Right;LM;6'2;80;90;88
178603;M. Hummels;29;Germany;88;FC Bayern München;46000000;Right;LCB;6'3;92;56;55
176676;Marcelo;30;Brazil;88;Real Madrid;43000000;Left;LB;5'9;80;85;70
173731;G. Bale;28;Wales;88;Real Madrid;60000000;Left;ST;6'1;82;85;86
167948;H. Lloris;31;France;88;Tottenham Hotspur;36000000;Left;GK;6'2;82;10;10
167664;G. Higuaín;30;Argentina;88;Milan;57000000;Right;LS;6'1;89;92;92
164240;Thiago Silva;33;Brazil;88;Paris Saint-Germain;24000000;Right;RCB;6'0;82;59;38
162835;S. Handanovič;33;Slovenia;88;Inter;30000000;Right;GK;6'4;92;12;10
1179;G. Buffon;40;Italy;88;Paris Saint-Germain;4000000;Right;GK;6'4;92;12;15
205600;S. Umtiti;24;France;87;FC Barcelona;57000000;Left;CB;6'0;75;58;51
201399;M. Icardi;25;Argentina;87;Inter;64500000;Right;ST;5'11;75;92;91
201024;K. Koulibaly;27;Senegal;87;Napoli;51000000;Right;LCB;6'2;89;24;19
195864;P. Pogba;25;France;87;Manchester United;64000000;Right;RDM;6'4;84;81;73
193041;K. Navas;31;Costa Rica;87;Real Madrid;30500000;Right;GK;6'1;80;16;15
192505;R. Lukaku;25;Belgium;87;Manchester United;62500000;Left;ST;6'3;94;89;87
192387;C. Immobile;28;Italy;87;Lazio;52000000;Right;ST;6'1;85;91;90
189332;Jordi Alba;29;Spain;87;FC Barcelona;38000000;Left;LB;5'7;68;79;73
175943;D. Mertens;31;Belgium;87;Napoli;45000000;Right;RF;5'7;61;87;86
172871;J. Vertonghen;31;Belgium;87;Tottenham Hotspur;34000000;Left;LCB;6'2;86;60;56
171877;M. Hamšík;30;Slovakia;87;Napoli;46500000;Right;LCM;6'0;79;88;79
168651;I. Rakitić;30;Croatia;87;FC Barcelona;46500000;Right;RCM;6'0;78;79;83
152729;Piqué;31;Spain;87;FC Barcelona;34000000;Right;RCB;6'4;85;58;64
222492;L. Sané;22;Germany;86;Manchester City;61000000;Left;LW;6'0;75;84;81
218667;Bernardo Silva;23;Portugal;86;Manchester City;59500000;Left;RW;5'8;64;83;75
210257;Ederson;24;Brazil;86;Manchester City;41500000;Left;GK;6'2;86;20;14
208722;S. Mané;26;Senegal;86;Liverpool;52000000;Right;LM;5'9;69;87;84
203376;V. van Dijk;26;Netherlands;86;Liverpool;44500000;Right;LCB;6'4;92;41;52
202652;R. Sterling;23;England;86;Manchester City;56500000;Right;RW;5'7;69;87;77
201942;Roberto Firmino;26;Brazil;86;Liverpool;53000000;Right;CAM;5'11;76;87;87
201535;R. Varane;25;France;86;Real Madrid;50000000;Right;RCB;6'3;81;44;40
199556;M. Verratti;25;Italy;86;Paris Saint-Germain;55000000;Right;LCM;5'5;60;71;60
191043;Alex Sandro;27;Brazil;86;Juventus;36500000;Left;LB;5'11;80;70;55
190483;Douglas Costa;27;Brazil;86;Juventus;46500000;Left;LM;5'8;70;76;67
189596;T. Müller;28;Germany;86;FC Bayern München;45000000;Right;CAM;6'1;75;92;87
189509;Thiago;27;Spain;86;FC Bayern München;45500000;Right;CM;5'9;70;79;69
188350;M. Reus;29;Germany;86;Borussia Dortmund;43500000;Right;LM;5'11;71;88;87
184432;Azpilicueta;28;Spain;86;Chelsea;35000000;Right;RB;5'10;76;62;46
184344;L. Bonucci;31;Italy;86;Juventus;30000000;Right;RCB;6'3;85;38;48
184087;T. Alderweireld;29;Belgium;86;Tottenham Hotspur;39000000;Right;RCB;6'1;81;58;45
180206;M. Pjanić;28;Bosnia Herzegovina;86;Juventus;44000000;Right;CDM;5'10;72;70;60
177509;M. Benatia;31;Morocco;86;Juventus;30000000;Right;CB;6'2;94;38;47
176635;M. Özil;29;Germany;86;Arsenal;43500000;Left;CAM;5'11;76;83;73
135507;Fernandinho;33;Brazil;86;Manchester City;18000000;Right;CDM;5'10;67;70;69
41;Iniesta;34;Spain;86;Vissel Kobe;21500000;Right;LF;5'7;68;81;70
232363;M. Škriniar;23;Slovakia;85;Inter;46500000;Right;LCB;6'2;80;30;42
223848;S. Milinković-Savić;23;Serbia;85;Lazio;50500000;Right;CM;6'3;76;79;80
220834;Marco Asensio;22;Spain;85;Real Madrid;54000000;Left;RW;6'0;76;82;82
216594;N. Fekir;24;France;85;Olympique Lyonnais;50000000;Left;CAM;5'8;75;81;82
212831;Alisson;25;Brazil;85;Liverpool;36500000;Right;GK;6'3;91;13;13
212622;J. Kimmich;23;Germany;85;FC Bayern München;40500000;Right;RCM;5'9;70;80;66
208421;Saúl;23;Spain;85;Atlético Madrid;50500000;Left;RCM;6'0;77;82;78
204485;R. Mahrez;27;Algeria;85;Manchester City;40500000;Left;RW;5'10;67;80;80
197445;D. Alaba;26;Austria;85;FC Bayern München;38000000;Left;LB;5'11;76;76;63
193747;Koke;26;Spain;85;Atlético Madrid;45000000;Right;LM;5'9;74;84;72
193301;A. Lacazette;27;France;85;Arsenal;45000000;Right;ST;5'9;73;86;88
192774;K. Manolas;27;Greece;85;Roma;37500000;Right;LCB;6'2;83;25;10
192366;N. Otamendi;30;Argentina;85;Manchester City;28500000;Right;CB;6'0;81;51;54
189513;Parejo;29;Spain;85;Valencia CF;37000000;Right;RCM;6'0;74;81;79
187961;Paulinho;29;Brazil;85;Guangzhou Evergrande Taobao FC;37000000;Right;LDM;6'0;71;84;81
186153;W. Szczęsny;28;Poland;85;Juventus;32000000;Right;GK;6'5;90;14;12
184941;A. Sánchez;29;Chile;85;Manchester United;37500000;Right;RW;5'7;74;84;80
184267;Y. Brahimi;28;Algeria;85;FC Porto;39000000;Right;LM;5'9;66;83;76
183907;J. Boateng;29;Germany;85;FC Bayern München;30000000;Right;RCB;6'4;90;47;34
181872;A. Vidal;31;Chile;85;FC Barcelona;26000000;Right;CAM;5'11;75;80;75
181458;I. Perišić;29;Croatia;85;Inter;37500000;Right;LM;6'1;80;85;79
180930;E. Džeko;32;Bosnia Herzegovina;85;Roma;30500000;Right;ST;6'4;84;89;89
179846;S. Khedira;31;Germany;85;Juventus;33000000;Right;RCM;6'2;90;79;72
179844;Diego Costa;29;Spain;85;Atlético Madrid;38500000;Right;LS;6'2;86;87;87
178518;R. Nainggolan;30;Belgium;85;Inter;35500000;Right;CAM;5'9;77;86;75
171919;Naldo;35;Brazil;85;FC Schalke 04;9000000;Right;CB;6'6;91;53;57
170890;B. Matuidi;31;France;85;Juventus;26000000;Left;LM;5'11;75;72;64
168609;Miranda;33;Brazil;85;Inter;15500000;Right;CB;6'1;78;43;43
165153;K. Benzema;30;France;85;Real Madrid;37000000;Right;ST;6'1;81;86;81
164169;Filipe Luís;32;Brazil;85;Atlético Madrid;21500000;Left;LB;6'0;74;71;59
139720;V. Kompany;32;Belgium;85;Manchester City;22000000;Right;CB;6'3;85;41;45
120533;Pepe;35;Portugal;85;Beşiktaş JK;9000000;Right;RCB;6'2;81;40;46
41236;Z. Ibrahimović;36;Sweden;85;LA Galaxy;14000000;Right;RS;6'5;95;85;86
220793;D. Sánchez;22;Colombia;84;Tottenham Hotspur;34000000;Right;RCB;6'2;79;34;40
216460;J. Giménez;23;Uruguay;84;Atlético Madrid;34000000;Right;RCB;6'1;80;24;37
212462;Alex Telles;25;Brazil;84;FC Porto;32000000;Left;LB;5'11;71;76;65
212218;A. Laporte;24;France;84;Manchester City;34000000;Left;LCB;6'2;85;54;45
212198;Bruno Fernandes;23;Portugal;84;Sporting CP;40500000;Right;LCM;5'10;69;79;73
212190;N. Süle;22;Germany;84;FC Bayern München;36500000;Right;CB;6'5;97;26;20
211300;A. Martial;22;France;84;Manchester United;42500000;Right;LW;6'0;76;83;84
211117;D. Alli;22;England;84;Tottenham Hotspur;42500000;Right;LCM;6'2;80;86;83
209499;Fabinho;24;Brazil;84;Liverpool;34000000;Right;CDM;6'2;78;70;66
207865;Marquinhos;24;Brazil;84;Paris Saint-Germain;35500000;Right;LDM;6'0;75;46;33
207566;William Carvalho;26;Portugal;84;Real Betis;31500000;Right;CDM;6'2;83;64;52
205498;Jorginho;26;Italy;84;Chelsea;38000000;Right;CM;5'11;67;72;57
204970;F. Thauvin;25;France;84;Olympique de Marseille;39000000;Left;RM;5'10;70;83;81
204963;Carvajal;26;Spain;84;Real Madrid;31500000;Right;RB;5'8;73;61;41
202556;M. Depay;24;Netherlands;84;Olympique Lyonnais;42000000;Right;ST;5'9;78;83;79
200104;H. Son;25;Korea Republic;84;Tottenham Hotspur;37000000;Right;LM;6'0;65;85;85
199482;A. Lopes;27;Portugal;84;Olympique Lyonnais;25000000;Left;GK;6'0;81;9;18
198176;S. de Vrij;26;Netherlands;84;Inter;31500000;Right;CB;6'2;78;32;25
198009;M. Perin;25;Italy;84;Juventus;29500000;Right;GK;6'2;77;12;11
193082;J. Cuadrado;30;Colombia;84;Juventus;29500000;Right;RAM;5'10;72;78;67
192629;Iago Aspas;30;Spain;84;RC Celta;30000000;Left;ST;5'9;67;86;88
192563;B. Leno;26;Germany;84;Arsenal;27000000;Right;GK;6'3;83;7;9
191202;N. Matić;29;Serbia;84;Manchester United;24000000;Left;CDM;6'4;85;69;64
190941;L. Hrádecký;28;Finland;84;Bayer 04 Leverkusen;22000000;Right;GK;6'4;85;9;11
190584;Illarramendi;28;Spain;84;Real Sociedad;31000000;Right;RDM;5'10;75;79;72
188377;K. Walker;28;England;84;Manchester City;24500000;Right;RB;6'0;70;67;51
186942;I. Gündoğan;27;Germany;84;Manchester City;32000000;Right;CM;5'11;80;79;73
185020;José Callejón;31;Spain;84;Napoli;27500000;Right;RM;5'10;73;88;78
183898;A. Di María;30;Argentina;84;Paris Saint-Germain;29500000;Left;RM;5'11;69;82;72
181783;M. Mandžukić;32;Croatia;84;Juventus;25000000;Right;ST;6'3;85;90;84
180403;Willian;29;Brazil;84;Chelsea;30500000;Right;RW;5'9;78;80;77
178750;Sergio Asenjo;29;Spain;84;Villarreal CF;24000000;Right;GK;6'2;87;12;14
178562;E. Banega;30;Argentina;84;Sevilla FC;29000000;Right;CDM;5'9;71;75;66
177413;A. Witsel;29;Belgium;84;Borussia Dortmund;24000000;Right;LCM;6'2;81;75;71
177388;D. Payet;31;France;84;Olympique de Marseille;27500000;Right;CAM;5'9;77;79;78
176769;Jonas;34;Brazil;84;SL Benfica;16500000;Right;ST;5'11;74;87;88
172879;Sokratis;30;Greece;84;Arsenal;23000000;Right;RCB;6'1;85;49;44
167628;S. Ruffier;31;France;84;AS Saint-Étienne;19000000;Right;GK;6'2;93;12;11
167397;Falcao;32;Colombia;84;AS Monaco;25000000;Right;RS;5'10;72;88;86
163587;K. Schmeichel;31;Denmark;84;Leicester City;19000000;Right;GK;6'2;89;13;12
157481;Raúl Albiol;32;Spain;84;Napoli;18000000;Right;RCB;6'3;82;30;27
143076;A. Gómez;30;Argentina;84;Atalanta;30000000;Right;LS;5'5;68;81;76
137186;A. Barzagli;37;Italy;84;Juventus;4200000;Right;CB;6'2;87;28;21
20775;Quaresma;34;Portugal;84;Beşiktaş JK;15500000;Right;RM;5'9;67;78;67
9014;A. Robben;34;Netherlands;84;FC Bayern München;15500000;Left;RM;5'11;80;84;85
231443;O. Dembélé;21;France;83;FC Barcelona;40000000;Left;RW;5'10;67;79;78
230666;Gabriel Jesus;21;Brazil;83;Manchester City;41000000;Right;ST;5'9;73;88;84
230481;Ronaldo Cabrais;26;Brazil;83;Grêmio;28000000;Right;RW;5'10;75;82;74
230375;Josué Chiamulera;26;Brazil;83;Grêmio;22500000;Right;LCB;6'1;80;38;38
230294;Louri Beretta;26;Brazil;83;Atlético Mineiro;28500000;Right;ST;6'2;83;83;85
225850;P. Kimpembe;22;France;83;Paris Saint-Germain;30500000;Left;LCB;6'2;80;39;31
220971;N. Keïta;23;Guinea;83;Liverpool;34000000;Right;CM;5'8;64;74;74
219683;C. Tolisso;23;France;83;FC Bayern München;34000000;Right;CM;5'11;81;79;75
213565;T. Lemar;22;France;83;Atlético Madrid;35500000;Left;LM;5'7;62;77;75
213345;K. Coman;22;France;83;FC Bayern München;34000000;Right;LM;5'10;71;79;76
213331;J. Tah;22;Germany;83;Bayer 04 Leverkusen;29500000;Right;CB;6'5;97;27;20
212523;Anderson Talisca;24;Brazil;83;Guangzhou Evergrande Taobao FC;36500000;Left;CAM;6'3;80;86;80
212188;T. Werner;22;Germany;83;RB Leipzig;34500000;Right;RW;5'11;75;85;87
210008;A. Rabiot;23;France;83;Paris Saint-Germain;33000000;Left;CM;6'4;80;76;69
209658;L. Goretzka;23;Germany;83;FC Bayern München;34000000;Right;CM;6'2;79;77;72
208808;Q. Promes;26;Netherlands;83;Sevilla FC;30500000;Right;RM;5'9;72;79;86
208670;H. Ziyech;25;Morocco;83;Ajax;32500000;Left;RAM;5'11;65;75;68
208618;Lucas Vázquez;27;Spain;83;Real Madrid;27000000;Right;RW;5'8;70;81;73
208418;Y. Carrasco;24;Belgium;83;Dalian YiFang FC;33000000;Right;LM;5'11;73;81;79
208093;Gerard Moreno;26;Spain;83;Villarreal CF;32000000;Left;LS;5'11;77;83;83
207863;Felipe;29;Brazil;83;FC Porto;20000000;Right;RCB;6'3;86;34;39
207410;M. Kovačić;24;Croatia;83;Chelsea;35000000;Right;LCM;5'9;78;69;62
206585;Kepa;23;Spain;83;Chelsea;28500000;Right;GK;6'1;85;15;11
206545;Manu Trigueros;26;Spain;83;Villarreal CF;30000000;Right;RCM;5'10;75;77;71
206113;S. Gnabry;22;Germany;83;FC Bayern München;34500000;Right;ST;5'9;75;80;81
204935;J. Pickford;24;England;83;Everton;25000000;Left;GK;6'1;77;18;19
204639;S. Savić;27;Montenegro;83;Atlético Madrid;26000000;Right;CB;6'2;79;29;34
203574;J. Stones;24;England;83;Manchester City;28500000;Right;RCB;6'2;70;48;29
202651;Suso;24;Spain;83;Milan;33000000;Left;RW;5'9;70;76;70
202166;J. Draxler;24;Germany;83;Paris Saint-Germain;32500000;Right;CM;6'2;77;79;78
201995;Felipe Anderson;25;Brazil;83;West Ham United;31500000;Right;LM;5'9;70;73;71
200949;Lucas Moura;25;Brazil;83;Tottenham Hotspur;31000000;Right;RM;5'9;70;80;78
200888;Danilo Pereira;26;Portugal;83;FC Porto;27000000;Right;CDM;6'2;83;69;61
200724;Nacho Fernández;28;Spain;83;Real Madrid;24500000;Right;CB;5'11;76;37;32
200316;T. Horn;25;Germany;83;1. FC Köln;24000000;Left;GK;6'4;90;15;13
199914;Allan;27;Brazil;83;Napoli;26500000;Right;RCM;5'9;74;79;72
199845;F. Acerbi;30;Italy;83;Lazio;19000000;Left;CB;6'4;88;20;37
199564;Sergi Roberto;26;Spain;83;FC Barcelona;26500000;Right;RB;5'10;68;69;63
198329;Rodrigo;27;Spain;83;Valencia CF;30500000;Left;ST;6'0;77;83;78
197965;Pizzi;28;Portugal;83;SL Benfica;25500000;Right;LCM;5'10;72;84;76
195365;K. Kampl;27;Slovenia;83;RB Leipzig;26500000;Right;LCM;5'10;67;73;63
194404;Neto;28;Brazil;83;Valencia CF;21000000;Right;GK;6'3;84;11;15
193698;O. Baumann;28;Germany;83;TSG 1899 Hoffenheim;21000000;Right;GK;6'2;82;10;11
193474;I. Gueye;28;Senegal;83;Everton;21000000;Right;RDM;5'9;66;67;50
192883;H. Mkhitaryan;29;Armenia;83;Arsenal;25500000;Right;RM;5'10;75;82;74
192638;Marcos Alonso;27;Spain;83;Chelsea;24000000;Left;LB;6'2;87;79;68
192593;D. Subašić;33;Croatia;83;AS Monaco;13000000;Right;GK;6'3;84;15;10
190547;K. Glik;30;Poland;83;AS Monaco;19000000;Right;RCB;6'3;80;24;27
189712;K. Strootman;28;Netherlands;83;Olympique de Marseille;21000000;Left;CDM;6'1;80;78;68
189068;B. Dost;29;Netherlands;83;Sporting CP;26000000;Right;ST;6'5;89;89;87
188152;Oscar;26;Brazil;83;Shanghai SIPG FC;30500000;Right;LCM;5'10;66;79;76
186627;M. Balotelli;27;Italy;83;OGC Nice;27500000;Right;LS;6'2;88;79;85
185221;Luiz Gustavo;30;Brazil;83;Olympique de Marseille;19000000;Left;LCB;6'2;78;53;48
184942;Giuliano;28;Brazil;83;Al Nassr;26000000;Right;CAM;5'8;68;81;79
179944;David Luiz;31;Brazil;83;Chelsea;17500000;Right;LCB;6'2;86;54;55
179783;R. Fährmann;29;Germany;83;FC Schalke 04;20000000;Right;GK;6'6;98;11;11
178088;Juan Mata;30;Spain;83;Manchester United;24500000;Left;RM;5'7;63;83;78
178086;Adán;31;Spain;83;Atlético Madrid;15500000;Left;GK;6'3;92;11;11
178005;Rui Patrício;30;Portugal;83;Wolverhampton Wanderers;16500000;Left;GK;6'3;84;13;12
177683;Y. Sommer;29;Switzerland;83;Borussia Mönchengladbach;20000000;Right;GK;6'0;79;15;13
177610;Javi Martínez;29;Spain;83;FC Bayern München;20000000;Right;CDM;6'4;86;51;43
177457;L. Bender;29;Germany;83;Bayer 04 Leverkusen;20000000;Right;RB;6'1;81;69;59
176266;Lucas Leiva;31;Brazil;83;Lazio;17500000;Right;LDM;5'10;78;66;62
163705;S. Mandanda;33;France;83;Olympique de Marseille;13000000;Right;GK;6'1;82;11;13
162895;Cesc Fàbregas;31;Spain;83;Chelsea;22000000;Right;CM;5'10;77;72;72
162240;M. Dembélé;30;Belgium;83;Tottenham Hotspur;24000000;Left;CM;6'1;82;70;66
156616;F. Ribéry;35;France;83;FC Bayern München;11500000;Right;LM;5'7;72;77;74
104389;R. Jarstein;33;Norway;83;Hertha BSC;13000000;Right;GK;6'3;82;15;13
53302;D. De Rossi;34;Italy;83;Roma;8000000;Right;RDM;6'0;83;55;50
24630;Pepe Reina;35;Spain;83;Milan;6000000;Right;GK;6'2;92;13;14
236583;J. Pavlenka;26;Czech Republic;82;SV Werder Bremen;19500000;Right;GK;6'5;81;14;16
235243;M. de Ligt;18;Netherlands;82;Ajax;27000000;Right;RCB;6'2;89;44;53
231866;Rodri;22;Spain;82;Atlético Madrid;29000000;Right;CM;6'3;82;75;64
230658;Arthur;21;Brazil;82;FC Barcelona;32500000;Right;LCM;5'7;73;77;72
230621;G. Donnarumma;19;Italy;82;Milan;29000000;Right;GK;6'5;90;14;12
230258;Rosberto Dourado;30;Brazil;82;Atlético Mineiro;16500000;Right;RCM;5'9;70;58;53
230225;Juiano Mestres;34;Brazil;82;Cruzeiro;6500000;Right;RCB;5'11;82;58;56
230168;Raphaelito Anjos;30;Brazil;82;Grêmio;14000000;Right;GK;6'3;85;27;8
227055;Gelson Martins;23;Portugal;82;Atlético Madrid;29500000;Right;RM;5'8;72;82;66
224411;Gonçalo Guedes;21;Portugal;82;Valencia CF;29000000;Right;LM;5'10;68;77;75
223959;L. Torreira;22;Uruguay;82;Arsenal;25000000;Right;LCM;5'6;64;65;50
222737;Malcom;21;Brazil;82;FC Barcelona;31500000;Left;RW;5'8;74;79;75
221087;Pau López;23;Spain;82;Real Betis;21500000;Left;GK;6'2;77;20;19
220814;L. Hernández;22;France;82;Atlético Madrid;25500000;Left;LB;6'0;76;57;42
220440;C. Lenglet;23;France;82;FC Barcelona;26000000;Left;LCB;6'1;81;47;23
216354;A. Kramarić;27;Croatia;82;TSG 1899 Hoffenheim;26000000;Right;LCM;5'10;73;84;86
216267;A. Robertson;24;Scotland;82;Liverpool;24500000;Left;LB;5'10;64;66;57
216194;Dani García;28;Spain;82;Athletic Club de Bilbao;20000000;Right;RCM;5'11;80;60;51
212404;F. Bernardeschi;24;Italy;82;Juventus;29500000;Left;RM;6'1;77;78;70
212194;J. Brandt;22;Germany;82;Bayer 04 Leverkusen;30500000;Right;LM;6'1;84;78;78
211320;D. Rugani;23;Italy;82;Juventus;24500000;Right;CB;6'3;84;28;33
210617;Samu Castillejo;23;Spain;82;Milan;29000000;Left;RM;6'0;67;81;77
210514;João Cancelo;24;Portugal;82;Juventus;25500000;Right;RB;6'0;74;78;58
210413;A. Romagnoli;23;Italy;82;Milan;26500000;Left;LCB;6'2;78;31;30
209989;T. Partey;25;Ghana;82;Atlético Madrid;25500000;Right;CDM;6'1;77;60;63
209297;Fred;25;Brazil;82;Manchester United;26500000;Left;CM;5'7;64;69;74
208830;J. Vardy;31;England;82;Leicester City;20000000;Right;ST;5'10;74;85;85
208596;A. Belotti;24;Italy;82;Torino;30000000;Right;LS;5'11;72;85;88
208448;E. Forsberg;26;Sweden;82;RB Leipzig;26000000;Right;LM;5'10;74;75;70
207494;J. Lingard;25;England;82;Manchester United;26500000;Right;CAM;5'9;62;86;78
207471;F. Vázquez;29;Argentina;82;Sevilla FC;21500000;Left;LCM;6'1;82;77;74
205678;E. Višća;28;Bosnia Herzegovina;82;Medipol Başakşehir FK;22500000;Right;RM;5'8;63;80;80
205452;A. Rüdiger;25;Germany;82;Chelsea;22500000;Right;CB;6'3;85;33;27
203551;A. Florenzi;27;Italy;82;Roma;20500000;Right;RB;5'8;67;82;70
203263;H. Maguire;25;England;82;Leicester City;23500000;Right;LCB;6'4;100;60;43
202371;T. Meunier;26;Belgium;82;Paris Saint-Germain;21000000;Right;RM;6'3;90;80;76
201956;S. Sané;27;Senegal;82;FC Schalke 04;18500000;Right;CB;6'5;85;48;38
201455;G. Kondogbia;25;Central African Rep,;82;Valencia CF;27500000;Left;CM;6'2;80;78;69
201400;Rafinha;25;Brazil;82;FC Barcelona;29500000;Left;CAM;5'9;71;77;73
201305;Gabriel Paulista;27;Brazil;82;Valencia CF;21000000;Right;LCB;6'2;79;51;42
201153;Morata;25;Spain;82;Chelsea;28500000;Right;ST;6'2;85;85;80
199987;J. Cillessen;29;Netherlands;82;FC Barcelona;18000000;Right;GK;6'1;83;11;10
199451;W. Ben Yedder;27;France;82;Sevilla FC;23500000;Right;RS;5'7;68;87;84
198951;C. Bakambu;27;DR Congo;82;Beijing Sinobo Guoan FC;26000000;Right;ST;6'0;73;85;84
198950;Pablo Sarabia;26;Spain;82;Sevilla FC;26000000;Left;RCM;5'9;70;79;78
198717;W. Zaha;25;Ivory Coast;82;Crystal Palace;28500000;Right;LS;5'11;66;78;77
198706;Luis Alberto;25;Spain;82;Lazio;28500000;Right;CF;6'0;74;81;80
198164;Jonathan Viera;28;Spain;82;Beijing Sinobo Guoan FC;22500000;Right;LF;5'7;64;72;78
198141;Bartra;27;Spain;82;Real Betis;21000000;Right;CB;6'0;73;61;55
197655;S. Coates;27;Uruguay;82;Sporting CP;21000000;Right;RCB;6'5;92;49;42
195093;Willian José;26;Brazil;82;Real Sociedad;26500000;Right;ST;6'2;93;87;84
193525;Mário Fernandes;27;Russia;82;PFC CSKA Moscow;18500000;Right;RB;6'2;80;76;56
193469;Víctor Ruiz;29;Spain;82;Villarreal CF;19500000;Left;LCB;6'1;78;39;37
193283;T. Delaney;26;Denmark;82;Borussia Dortmund;21500000;Left;LCM;6'0;79;75;72
192984;K. Casteels;26;Belgium;82;VfL Wolfsburg;19500000;Left;GK;6'6;86;15;15
192318;M. Götze;26;Germany;82;Borussia Dortmund;27000000;Right;CM;5'9;75;81;75
192227;S. Mustafi;26;Germany;82;Arsenal;22500000;Right;RCB;6'0;82;50;58
191180;J. Pastore;29;Argentina;82;Roma;21500000;Right;CAM;6'2;78;78;73
189505;Pedro;30;Spain;82;Chelsea;21000000;Right;RW;5'7;65;82;78
189125;G. Bonaventura;28;Italy;82;Milan;22000000;Right;CM;5'11;75;78;70
189117;R. Bürki;27;Switzerland;82;Borussia Dortmund;18500000;Right;GK;6'2;85;10;8
188803;Taison;30;Brazil;82;Shakhtar Donetsk;21000000;Right;LM;5'8;64;74;76
187936;S. Nzonzi;29;France;82;Roma;17000000;Right;CDM;6'5;75;70;64
187754;Marlos;30;Ukraine;82;Shakhtar Donetsk;21000000;Left;RM;5'9;69;77;79
186561;A. Ramsey;27;Wales;82;Arsenal;25000000;Right;CAM;6'0;76;84;74
186345;K. Trippier;27;England;82;Tottenham Hotspur;18500000;Right;RB;5'10;72;75;48
185103;A. Kolarov;32;Serbia;82;Roma;12500000;Left;LB;6'2;83;75;55
184484;G. Sigurðsson;28;Iceland;82;Everton;22500000;Right;CAM;6'1;82;79;77
184431;S. Giovinco;31;Italy;82;Toronto FC;20000000;Right;CF;5'4;61;82;80
184200;M. Arnautović;29;Austria;82;West Ham United;22000000;Right;LS;6'4;83;83;78
184144;N. Gaitán;30;Argentina;82;Dalian YiFang FC;21000000;Left;CAM;5'8;66;77;71
183711;J. Henderson;28;England;82;Liverpool;18000000;Right;RCM;6'0;80;75;67
183574;M. Kruse;30;Germany;82;SV Werder Bremen;21500000;Left;ST;5'11;76;85;83
183498;M. Parolo;33;Italy;82;Lazio;9000000;Right;RDM;6'0;75;82;70
183376;L. Fejsa;29;Serbia;82;SL Benfica;17000000;Right;CDM;6'0;80;50;49
183280;A. Rami;32;France;82;Olympique de Marseille;12500000;Right;RCB;6'3;90;24;45
181786;V. Ćorluka;32;Croatia;82;Lokomotiv Moscow;12500000;Right;LCB;6'4;84;45;44
181291;G. Wijnaldum;27;Netherlands;82;Liverpool;23000000;Right;CAM;5'9;69;79;70
179847;F. Fazio;31;Argentina;82;Roma;15000000;Right;LCB;6'5;85;32;41
178509;O. Giroud;31;France;82;Chelsea;20000000;Left;ST;6'4;92;83;83
173521;Marcano;31;Spain;82;Roma;15000000;Left;CB;6'2;77;30;43
171897;A. Guardado;31;Mexico;82;Real Betis;19000000;Left;CM;5'7;67;70;60
170481;E. Garay;31;Argentina;82;Valencia CF;15000000;Right;RCB;6'2;90;42;58
168530;Jardel;32;Brazil;82;SL Benfica;12500000;Right;LCB;6'4;87;30;38
168435;S. Sirigu;31;Italy;82;Torino;13500000;Right;GK;6'4;80;10;10
168354;E. Viviano;32;Italy;82;Sporting CP;12500000;Left;GK;6'5;90;10;17
165229;L. Koscielny;32;France;82;Arsenal;12500000;Right;CB;6'1;75;41;32
163489;A. Consigli;31;Italy;82;Sassuolo;13500000;Right;GK;6'2;82;10;10
158963;L. Biglia;32;Argentina;82;Milan;12500000;Right;CDM;5'10;63;50;50
146530;Dani Alves;35;Brazil;82;Paris Saint-Germain;4800000;Right;RB;5'8;68;74;61
113422;David Villa;36;Spain;82;New York City FC;8000000;Right;ST;5'9;69;86;86
106231;Aduriz;37;Spain;82;Athletic Club de Bilbao;8000000;Right;ST;6'0;78;87;83
48940;P. Čech;36;Czech Republic;82;Arsenal;3000000;Left;GK;6'5;90;13;12
5479;Casillas;37;Spain;82;FC Porto;1500000;Left;GK;6'1;84;16;12
231677;M. Rashford;20;England;81;Manchester United;27000000;Right;LW;6'1;70;81;78
230271;Laure Santeiro;30;Brazil;81;Fluminense;17000000;Left;CAM;5'7;63;82;72
229906;L. Bailey;20;Jamaica;81;Bayer 04 Leverkusen;26500000;Left;LM;5'10;79;80;75
229237;M. Akanji;22;Switzerland;81;Borussia Dortmund;21000000;Right;LCB;6'2;85;33;36
228702;F. de Jong;21;Netherlands;81;Ajax;26000000;Right;LDM;5'11;70;63;52
227928;Nélson Semedo;24;Portugal;81;FC Barcelona;20000000;Right;RB;5'10;67;72;50
226456;Pablo Fornals;22;Spain;81;Villarreal CF;24000000;Right;CAM;5'10;67;77;77
226271;Fabián;22;Spain;81;Napoli;26000000;Left;LM;6'2;70;80;79
225508;E. Bailly;24;Ivory Coast;81;Manchester United;21000000;Right;CB;6'1;77;47;33
222509;Dani Ceballos;21;Spain;81;Real Madrid;25000000;Right;LCM;5'10;70;76;68
221992;H. Lozano;22;Mexico;81;PSV;24000000;Right;LS;5'9;70;77;77
216475;Morales;30;Spain;81;Levante UD;17000000;Right;LS;5'11;70;77;80
216451;J. Seri;26;Ivory Coast;81;Fulham;20500000;Right;LDM;5'7;73;73;69
216409;M. Politano;24;Italy;81;Inter;22500000;Left;RM;5'7;67;77;74
216352;M. Brozović;25;Croatia;81;Inter;18500000;Right;LDM;5'11;68;69;69
216201;Williams;24;Spain;81;Athletic Club de Bilbao;24500000;Right;LW;6'1;79;76;77
214997;A. Correa;23;Argentina;81;Atlético Madrid;24500000;Right;RM;5'7;68;82;82
213661;A. Christensen;22;Denmark;81;Chelsea;21500000;Right;LCB;6'2;81;32;36
212814;João Mário;25;Portugal;81;Inter;22500000;Right;CAM;5'10;73;77;64
212151;T. Strakosha;23;Albania;81;Lazio;17000000;Right;GK;6'4;78;18;18
210864;E. Hysaj;24;Albania;81;Napoli;20000000;Right;RB;6'0;70;63;47
210406;P. Zieliński;24;Poland;81;Napoli;24500000;Right;RCM;5'11;75;77;65
210243;Ricardo Pereira;24;Portugal;81;Leicester City;19000000;Right;RB;5'9;70;75;61
210035;Grimaldo;22;Spain;81;SL Benfica;20500000;Left;LB;5'7;69;75;50
209889;R. Guerreiro;24;Portugal;81;Borussia Dortmund;24000000;Left;LM;5'7;71;77;75
208135;A. Doucouré;25;France;81;Watford;19500000;Right;RDM;6'0;76;73;73
207877;J. Martínez;25;Venezuela;81;Atlanta United;22500000;Right;LS;5'7;69;84;84
207664;C. Bacca;31;Colombia;81;Villarreal CF;16000000;Right;LS;5'11;77;90;84
206467;A. Plea;25;France;81;Borussia Mönchengladbach;22000000;Right;LW;5'11;79;83;82
205923;B. Davies;25;Wales;81;Tottenham Hotspur;18500000;Left;LB;6'0;76;71;58
205362;M. Nastasić;25;Serbia;81;FC Schalke 04;18500000;Left;LCB;6'2;83;30;30
205175;A. Milik;24;Poland;81;Napoli;25500000;Left;CF;6'1;78;81;88
204923;M. Sabitzer;24;Austria;81;RB Leipzig;22500000;Right;LM;5'10;77;81;79
204884;B. Mendy;23;France;81;Manchester City;20000000;Left;LB;6'1;85;77;33
204024;C. Kramer;27;Germany;81;Borussia Mönchengladbach;17000000;Right;CDM;6'3;76;70;45
203890;S. Vrsaljko;26;Croatia;81;Inter;18000000;Right;RB;5'11;76;65;44
203486;T. Hazard;25;Belgium;81;Borussia Mönchengladbach;21500000;Right;RW;5'9;69;81;69
202857;K. Bellarabi;28;Germany;81;Bayer 04 Leverkusen;18000000;Right;RM;6'0;81;76;72
202685;S. Zaza;27;Italy;81;Torino;21000000;Left;RS;6'1;84;83;80
201454;F. Ghoulam;27;Algeria;81;Napoli;16500000;Left;LB;6'0;80;69;54
200726;B. Lecomte;27;France;81;Montpellier HSC;15000000;Left;GK;6'1;78;10;11
200647;J. Iličić;30;Slovenia;81;Atalanta;17000000;Left;CAM;6'3;79;80;78
200610;K. Volland;25;Germany;81;Bayer 04 Leverkusen;22000000;Left;ST;5'10;85;81;81
200454;Paco Alcácer;24;Spain;81;Borussia Dortmund;23500000;Right;ST;5'9;72;86;85
199715;Vitolo;28;Spain;81;Atlético Madrid;18000000;Right;LM;6'1;79;80;77
199503;G. Xhaka;25;Switzerland;81;Arsenal;22000000;Left;LDM;6'1;82;77;49
199434;D. Tadić;29;Serbia;81;Ajax;17500000;Left;LAM;5'11;76;75;74
199042;C. Aránguiz;29;Chile;81;Bayer 04 Leverkusen;17000000;Right;LDM;5'7;70;75;64
196889;S. Verdi;25;Italy;81;Napoli;19500000;Left;RW;5'7;61;76;67
195086;D. Lovren;28;Croatia;81;Liverpool;16000000;Right;RCB;6'2;84;21;33
193532;G. Medel;30;Chile;81;Beşiktaş JK;13000000;Right;RCB;5'7;65;58;31
193348;X. Shaqiri;26;Switzerland;81;Liverpool;19000000;Left;CAM;5'7;72;74;71
193165;J. Corona;25;Mexico;81;FC Porto;21500000;Right;RM;5'8;62;80;76
193105;A. Areola;25;France;81;Paris Saint-Germain;16500000;Right;GK;6'5;94;17;19
192641;K. Vogt;26;Germany;81;TSG 1899 Hoffenheim;17500000;Right;CB;6'4;85;55;50
191740;Ander Herrera;28;Spain;81;Manchester United;17500000;Right;CM;6'0;70;78;71
190972;E. Salvio;27;Argentina;81;SL Benfica;18500000;Right;RW;5'8;77;83;77
190813;S. El Shaarawy;25;Italy;81;Roma;21000000;Right;LM;5'10;72;78;78
189881;C. Smalling;28;England;81;Manchester United;16000000;Right;RCB;6'4;81;48;54
189362;Hulk;31;Brazil;81;Shanghai SIPG FC;15500000;Left;RCM;5'11;85;82;81
189358;S. Kagawa;29;Japan;81;Borussia Dortmund;17500000;Right;CAM;5'9;68;80;76
188988;M. Lanzini;25;Argentina;81;West Ham United;23000000;Right;CAM;5'6;59;73;70
187491;F. Smolov;28;Russia;81;Lokomotiv Moscow;18500000;Right;ST;6'2;80;84;84
187072;L. Stindl;29;Germany;81;Borussia Mönchengladbach;18000000;Right;CF;5'11;80;84;79
185239;O. Toprak;28;Turkey;81;Borussia Dortmund;16000000;Right;CB;6'1;83;35;28
183900;D. Perotti;29;Argentina;81;Roma;17500000;Right;LW;5'10;70;78;66
182494;F. Muslera;32;Uruguay;81;Galatasaray SK;10000000;Right;GK;6'3;74;13;10
179784;B. Höwedes;30;Germany;81;Lokomotiv Moscow;13000000;Right;RCB;6'2;77;51;51
179645;S. Kjær;29;Denmark;81;Sevilla FC;14000000;Right;RCB;6'2;84;31;55
177458;S. Bender;29;Germany;81;Bayer 04 Leverkusen;14000000;Right;LCB;6'1;80;49;39
177326;M. Valbuena;33;France;81;Fenerbahçe SK;11000000;Right;LM;5'6;63;76;74
175379;Pedro León;31;Spain;81;SD Eibar;15500000;Right;RM;6'0;73;79;76
173909;K. Boateng;31;Ghana;81;Sassuolo;15000000;Right;CM;6'1;86;79;78
173771;L. Piszczek;33;Poland;81;Borussia Dortmund;7000000;Right;RB;6'0;79;73;65
173221;A. Candreva;31;Italy;81;Inter;15500000;Right;RM;5'11;70;79;73
172522;D. Wass;29;Denmark;81;Valencia CF;17000000;Right;RB;5'11;74;73;74
170368;E. Lamela;26;Argentina;81;Tottenham Hotspur;21000000;Left;RM;6'0;80;79;74
169595;D. Rose;27;England;81;Tottenham Hotspur;14500000;Left;LB;5'9;76;68;57
169416;C. Vela;29;Mexico;81;Los Angeles FC;17500000;Left;RW;5'10;77;81;81
169195;Renato Augusto;30;Brazil;81;Beijing Sinobo Guoan FC;16500000;Right;LCM;6'1;86;75;65
167905;A. Valencia;32;Ecuador;81;Manchester United;10000000;Right;RM;5'11;83;73;60
164835;L. Fabiański;33;Poland;81;West Ham United;9000000;Right;GK;6'3;83;15;13
162347;João Moutinho;31;Portugal;81;Wolverhampton Wanderers;15000000;Right;RCM;5'7;61;74;74
161956;Borja Valero;33;Spain;81;Inter;11000000;Right;CAM;5'9;73;70;67
159261;F. Quagliarella;35;Italy;81;Sampdoria;8000000;Right;RS;5'11;79;84;84
159145;B. Gomis;32;France;81;Al Hilal;14000000;Right;ST;6'0;77;79;84
157960;Manuel Fernandes;32;Portugal;81;Lokomotiv Moscow;14000000;Right;LM;5'9;75;75;70
156519;H. Herrera;28;Mexico;81;FC Porto;17500000;Right;CM;6'0;72;81;68
144622;Raffael;33;Brazil;81;Borussia Mönchengladbach;11000000;Right;CF;5'9;69;82;78
139068;Nani;31;Portugal;81;Sporting CP;15500000;Right;LM;5'10;68;74;70
138412;J. Milner;32;England;81;Liverpool;13500000;Right;CM;5'9;70;72;62
112316;J. Mathieu;34;France;81;Sporting CP;5500000;Left;LCB;6'2;84;58;52
45186;Joaquín;36;Spain;81;Real Betis;6000000;Right;LS;5'10;75;81;80
239207;M. Gómez;21;Uruguay;80;RC Celta;20500000;Right;ST;6'1;84;83;85
235790;K. Havertz;19;Germany;80;Bayer 04 Leverkusen;22000000;Left;CAM;6'2;83;78;72
235569;T. Ndombele;21;France;80;Olympique Lyonnais;22500000;Right;CM;5'11;76;70;59
234906;H. Aouar;20;France;80;Olympique Lyonnais;23500000;Right;LM;5'9;70;73;72
234153;Carlos Soler;21;Spain;80;Valencia CF;21000000;Right;RM;5'11;76;77;74
234035;Odriozola;22;Spain;80;Real Madrid;18500000;Right;RB;5'9;66;68;45
230977;M. Almirón;24;Paraguay;80;Atlanta United;19500000;Left;CAM;5'9;63;74;74
230347;Welington Dano;30;Brazil;80;Cruzeiro;10500000;Left;LB;5'10;69;72;51
230234;Everton Andrão;34;Brazil;80;Fluminense;4500000;Right;CDM;5'10;75;54;58
230142;Oyarzabal;21;Spain;80;Real Sociedad;21000000;Left;CAM;5'11;78;80;78
228229;F. Balbuena;26;Paraguay;80;West Ham United;15500000;Right;RCB;6'2;85;27;31
227536;M. Marega;27;Mali;80;FC Porto;16000000;Right;RS;6'1;83;84;80
226851;B. Pavard;22;France;80;VfB Stuttgart;17500000;Right;RB;6'1;76;54;37
226790;W. Ndidi;21;Nigeria;80;Leicester City;17000000;Right;LDM;6'0;74;67;50
226753;A. Onana;22;Cameroon;80;Ajax;14500000;Right;GK;6'2;93;11;12
226226;G. Lo Celso;22;Argentina;80;Real Betis;20000000;Left;RCM;5'9;70;78;73
224334;M. Acuña;26;Argentina;80;Sporting CP;12500000;Left;LB;5'8;69;75;65
224293;Rúben Neves;21;Portugal;80;Wolverhampton Wanderers;20500000;Right;LCM;5'11;80;61;61
221639;Mariano;24;Dominican Republic;80;Real Madrid;20000000;Right;ST;5'11;76;79;81
221540;Raúl;28;Brazil;80;SC Braga;12000000;Left;CB;6'2;81;46;50
220477;M. Caldara;24;Italy;80;Milan;17500000;Right;CB;6'2;80;34;36
219985;M. Vecino;26;Uruguay;80;Inter;14500000;Right;LM;6'2;81;74;61
219809;T. Bakayoko;23;France;80;Milan;17000000;Right;LCM;6'2;85;60;37
218339;M. Dahoud;22;Germany;80;Borussia Dortmund;20000000;Right;CM;5'10;68;66;60
216547;Rafa;25;Portugal;80;SL Benfica;18500000;Right;RW;5'8;66;78;66
215785;K. Baldé;23;Senegal;80;Inter;20000000;Right;RM;5'11;80;77;78
215316;G. Rulli;26;Argentina;80;Real Sociedad;14000000;Right;GK;6'2;84;12;15
214584;F. Armani;31;Argentina;80;River Plate;9000000;Right;GK;6'2;88;18;11
212692;Rony Lopes;22;Portugal;80;AS Monaco;20000000;Left;RM;5'9;68;78;79
212623;Santi Mina;22;Spain;80;Valencia CF;20000000;Right;LS;5'11;77;82;82
211748;K. Demirbay;24;Germany;80;TSG 1899 Hoffenheim;19500000;Left;RCM;6'0;72;78;72
211688;Gayà;23;Spain;80;Valencia CF;16500000;Left;LB;5'8;66;74;61
211575;André Gomes;24;Portugal;80;Everton;19500000;Right;LDM;6'2;84;74;65
211256;N. Tagliafico;25;Argentina;80;Ajax;15000000;Left;LB;5'7;65;67;57
210896;M. Sanson;23;France;80;Olympique de Marseille;19500000;Right;RDM;5'11;73;77;74
209960;Pacheco;26;Spain;80;Deportivo Alavés;13000000;Left;GK;6'1;81;14;16
208333;E. Can;24;Germany;80;Juventus;19500000;Right;CM;6'0;82;73;60
208128;H. Çalhanoğlu;24;Turkey;80;Milan;19500000;Right;CAM;5'10;76;75;65
207862;M. Ginter;24;Germany;80;Borussia Mönchengladbach;15500000;Right;RWB;6'2;83;55;55
207599;M. Keane;25;England;80;Everton;15500000;Right;RCB;6'3;82;29;50
206413;T. Stepanenko;28;Ukraine;80;Shakhtar Donetsk;12000000;Left;RDM;5'11;76;54;53
205988;L. Shaw;22;England;80;Manchester United;16500000;Left;LB;5'11;75;73;47
205705;Z. Feddal;28;Morocco;80;Real Betis;12000000;Left;CB;6'3;83;48;40
205693;S. Haller;24;France;80;Eintracht Frankfurt;19000000;Right;RS;6'3;91;84;84
205525;Bernard;25;Brazil;80;Everton;17500000;Right;LM;5'5;60;72;71
205114;T. Inui;30;Japan;80;Real Betis;14000000;Right;LM;5'7;63;75;70
205070;Portu;26;Spain;80;Girona FC;17500000;Right;RM;5'10;70;80;81
204529;M. Batshuayi;24;Belgium;80;Valencia CF;19500000;Right;ST;6'1;78;84;82
204120;T. Vaclík;29;Czech Republic;80;Sevilla FC;11500000;Right;GK;6'2;85;15;14
203841;N. Pope;26;England;80;Burnley;13000000;Right;GK;6'7;76;13;14
203747;Héctor Bellerín;23;Spain;80;Arsenal;16500000;Right;RB;5'10;74;67;52
203605;P. Kadeřábek;26;Czech Republic;80;TSG 1899 Hoffenheim;14000000;Right;RWB;6'0;81;72;28
203042;J. Butland;25;England;80;Stoke City;14000000;Right;GK;6'5;95;16;16
202849;J. Vestergaard;25;Denmark;80;Southampton;14500000;Right;CB;6'6;98;46;34
202695;J. Tarkowski;25;England;80;Burnley;15500000;Right;RCB;6'4;81;43;36
202477;Deulofeu;24;Spain;80;Watford;18500000;Right;RS;5'10;73;77;69
202335;E. Dier;24;England;80;Tottenham Hotspur;16500000;Right;CDM;6'2;90;53;52
201377;J. Murillo;26;Colombia;80;Valencia CF;16000000;Right;LCB;6'0;78;45;37
201144;M. Badelj;29;Croatia;80;Lazio;11500000;Right;CDM;6'1;80;62;54
201119;Ismaily;28;Brazil;80;Shakhtar Donetsk;11500000;Left;LB;5'10;82;82;60
200536;N. Schulz;25;Germany;80;TSG 1899 Hoffenheim;14500000;Left;LWB;5'11;78;73;48
200458;L. Digne;24;France;80;Everton;16000000;Left;LB;5'10;74;69;52
200318;M. Uth;26;Germany;80;FC Schalke 04;17500000;Left;ST;6'1;72;83;85
200315;Cristian Tello;26;Spain;80;Real Betis;16000000;Right;LM;5'10;65;74;74
199206;D. Vida;29;Croatia;80;Beşiktaş JK;11500000;Right;LCB;6'0;76;43;41
199110;L. Muriel;27;Colombia;80;Sevilla FC;17500000;Right;ST;5'10;79;81;78
199069;V. Aboubakar;26;Cameroon;80;FC Porto;18000000;Right;ST;6'0;82;80;80
198784;A. Oxlade-Chamberlain;24;England;80;Liverpool;19500000;Right;CM;5'9;70;79;69
197853;S. Aurier;25;Ivory Coast;80;Tottenham Hotspur;15500000;Right;RB;5'9;76;72;54
197061;J. Matip;26;Cameroon;80;Liverpool;15000000;Right;CB;6'4;90;51;36
195861;Y. Rakitskyi;28;Ukraine;80;Shakhtar Donetsk;12000000;Left;LCB;6'1;83;53;57
194879;Sergi Enrich;28;Spain;80;SD Eibar;15500000;Right;RS;5'11;77;84;81
194794;A. Yarmolenko;28;Ukraine;80;West Ham United;15000000;Left;RM;6'3;83;79;77
194229;Hugo Mallo;27;Spain;80;RC Celta;13500000;Right;RB;5'9;72;46;28
194022;André Almeida;27;Portugal;80;SL Benfica;12000000;Right;RB;6'1;80;66;54
193886;D. Didavi;28;Germany;80;VfB Stuttgart;15000000;Left;CAM;5'11;77;82;80
193352;R. Rodríguez;25;Switzerland;80;Milan;15500000;Left;LB;5'11;77;68;59
193061;R. Pereyra;27;Argentina;80;Watford;15500000;Right;LM;6'0;77;76;74
192789;Mario Gaspar;27;Spain;80;Villarreal CF;12000000;Right;RB;6'0;74;64;68
191687;Maicon;29;Brazil;80;Galatasaray SK;11500000;Right;CB;6'3;89;44;40
190815;D. Blind;28;Netherlands;80;Ajax;12000000;Left;LB;5'11;72;66;46
190778;J. Zoet;27;Netherlands;80;PSV;12500000;Right;GK;6'2;88;11;12
190544;A. Ljajić;26;Serbia;80;Beşiktaş JK;17500000;Right;CAM;6'0;74;75;69
190286;Canales;27;Spain;80;Real Betis;15500000;Left;RCM;5'11;74;81;77
190264;Iago Falqué;28;Spain;80;Torino;15000000;Left;RW;5'9;69;80;75
189805;L. de Jong;27;Netherlands;80;PSV;16000000;Right;ST;6'2;86;84;79
189690;Guaita;31;Spain;80;Crystal Palace;9000000;Right;GK;6'3;80;13;11
189575;Muniain;25;Spain;80;Athletic Club de Bilbao;18500000;Right;CAM;5'7;63;80;76
189354;Susaeta;30;Spain;80;Athletic Club de Bilbao;14000000;Right;RW;5'10;68;74;69
189251;S. Rudy;28;Germany;80;FC Schalke 04;12000000;Right;CDM;5'10;74;72;63
188943;K. Trapp;27;Germany;80;Eintracht Frankfurt;11500000;Right;GK;6'2;86;12;13
188942;V. Wanyama;27;Kenya;80;Tottenham Hotspur;14500000;Right;CDM;6'0;87;63;61
188829;N. Nkoulou;28;Cameroon;80;Torino;12000000;Right;CB;6'0;77;54;33
188388;R. Boudebouz;28;Algeria;80;Real Betis;15000000;Left;CAM;5'10;74;75;77
188005;Camacho;28;Spain;80;VfL Wolfsburg;13500000;Right;CDM;6'0;75;66;58
186569;S. Ulreich;29;Germany;80;FC Bayern München;10000000;Right;GK;6'4;84;8;12
186547;M. Musacchio;27;Argentina;80;Milan;12500000;Right;RCB;5'11;73;50;40
186537;C. Stuani;31;Uruguay;80;Girona FC;13500000;Right;ST;6'1;72;82;80
185122;P. Gulácsi;28;Hungary;80;RB Leipzig;10500000;Right;GK;6'4;86;11;10
184120;Bruno;34;Spain;80;Villarreal CF;7000000;Left;CM;6'0;73;69;66
183427;F. Delph;28;England;80;Manchester City;11500000;Left;LB;5'9;78;72;64
180819;A. Lallana;30;England;80;Liverpool;13500000;Right;CM;5'10;73;75;72
180334;Marcelo;31;Brazil;80;Olympique Lyonnais;10000000;Right;RCB;6'3;85;39;48
180216;S. Coleman;29;Republic of Ireland;80;Everton;11000000;Right;RWB;5'10;67;75;61
180175;Alexandre Pato;28;Brazil;80;Tianjin Quanjian FC;15500000;Right;ST;5'11;81;79;80
178424;Antunes;31;Portugal;80;Getafe CF;9500000;Left;LB;5'9;69;70;56
177604;Nacho Monreal;32;Spain;80;Arsenal;8000000;Left;LB;5'10;72;66;55
177600;Beñat;31;Spain;80;Athletic Club de Bilbao;12500000;Right;LCM;5'10;76;77;69
176915;A. Fernández;32;Argentina;80;Beijing Renhe FC;11000000;Right;LDM;5'10;73;78;69
176600;K. Gameiro;31;France;80;Valencia CF;13500000;Right;ST;5'8;70;85;78
176376;I. Piatti;33;Argentina;80;Montreal Impact;9000000;Right;LW;5'11;76;83;81
176104;V. Birsa;31;Slovenia;80;Chievo Verona;13000000;Left;CAM;6'0;81;75;62
173373;S. Romero;31;Argentina;80;Manchester United;9000000;Right;GK;6'4;87;11;14
173208;D. Criscito;31;Italy;80;Genoa;10000000;Left;LCB;6'0;75;68;56
172114;D. Valeri;32;Argentina;80;Portland Timbers;11500000;Right;RF;5'10;75;84;80
171833;D. Sturridge;28;England;80;Liverpool;15500000;Left;ST;5'11;76;81;83
171579;Raúl García;31;Spain;80;Athletic Club de Bilbao;13000000;Right;CAM;6'0;84;85;79
170815;S. Defour;30;Belgium;80;Burnley;13500000;Right;LCM;5'9;72;73;67
166706;M. Škrtel;33;Slovakia;80;Fenerbahçe SK;6000000;Right;LCB;6'3;81;33;35
165109;S. Radu;31;Romania;80;Lazio;10000000;Left;LCB;6'0;79;55;55
164468;G. Cahill;32;England;80;Chelsea;8500000;Right;CB;6'4;88;45;56
163711;L. Diarra;33;France;80;Paris Saint-Germain;6000000;Right;CDM;5'9;74;50;38
159147;L. Perrin;32;France;80;AS Saint-Étienne;8500000;Right;RCB;5'11;80;58;55
158625;Dante;34;Brazil;80;OGC Nice;4500000;Left;CB;6'2;85;41;47
153244;A. Gignac;32;France;80;Tigres U,A,N,L,;12000000;Right;ST;6'2;91;80;83
150418;M. Gómez;32;Germany;80;VfB Stuttgart;12000000;Right;LS;6'2;89;83;81
148119;I. Akinfeev;32;Russia;80;PFC CSKA Moscow;8500000;Right;GK;6'1;78;11;13
147782;I. Denisov;34;Russia;80;Lokomotiv Moscow;4500000;Right;RDM;5'9;70;64;61
146760;Juanfran;33;Spain;80;Atlético Madrid;5500000;Right;RB;5'11;71;68;54
146748;Diego López;36;Spain;80;RCD Espanyol;2000000;Right;GK;6'5;89;11;12
146562;Santi Cazorla;33;Spain;80;Villarreal CF;8500000;Right;LCM;5'6;66;76;71
146536;Jesús Navas;32;Spain;80;Sevilla FC;11500000;Right;RM;5'7;60;79;64
142754;J. Mascherano;34;Argentina;80;Hebei China Fortune FC;4500000;Right;LDM;5'9;73;51;42
140293;A. Mirante;34;Italy;80;Roma;6000000;Right;GK;6'4;79;10;17
139997;D. Srna;36;Croatia;80;Cagliari;1700000;Right;RB;5'10;78;76;69
121944;B. Schweinsteiger;33;Germany;80;Chicago Fire;6000000;Right;LCB;6'0;79;73;69
110677;Moyá;34;Spain;80;Real Sociedad;6000000;Right;GK;6'2;83;10;11
54050;W. Rooney;32;England;80;DC United;12000000;Right;ST;5'9;83;80;80
49369;Fernando Torres;34;Spain;80;Sagan Tosu;8000000;Right;LS;6'1;79;80;76
49031;S. Sorrentino;39;Italy;80;Chievo Verona;1000000;Right;GK;6'1;85;10;10
244369;V. Tsygankov;20;Ukraine;79;Dynamo Kyiv;18000000;Left;RM;5'10;69;75;75
239818;Rúben Dias;21;Portugal;79;SL Benfica;15000000;Right;RCB;6'1;82;39;29
236632;David Neres;21;Brazil;79;Ajax;18000000;Left;RW;5'9;66;73;76
233419;Raphinha;21;Brazil;79;Sporting CP;18000000;Left;RM;5'9;68;79;75
232097;A. Harit;21;Morocco;79;FC Schalke 04;18000000;Right;LCM;5'11;67;73;63
231943;Richarlison;21;Brazil;79;Everton;18000000;Right;ST;5'11;70;78;79
231478;L. Martínez;20;Argentina;79;Inter;18000000;Right;ST;5'9;79;79;82
230938;F. Kessié;21;Ivory Coast;79;Milan;19500000;Right;CM;6'0;76;76;64
230498;Luimo Boas Santos;30;Brazil;79;Santos;12000000;Right;ST;5'9;73;82;79
230312;Gabri Prestão;26;Brazil;79;Internacional;9000000;Right;GK;6'1;80;5;9
230251;Melvin Parrela;30;Brazil;79;América FC (Minas Gerais);9500000;Right;LCM;6'2;88;67;68
230212;Antônio Chiamuloira;30;Brazil;79;Internacional;9500000;Left;CB;6'0;79;24;51
230201;Maikel Catarino;34;Brazil;79;Atlético Mineiro;3600000;Right;RB;5'10;75;57;48
228941;André Silva;22;Portugal;79;Sevilla FC;19000000;Right;ST;6'1;79;83;82
227796;C. Pulisic;19;United States;79;Borussia Dortmund;18000000;Right;RM;5'10;69;73;67
227290;M. Dmitrović;26;Serbia;79;SD Eibar;10000000;Left;GK;6'4;90;9;20
227234;L. Tousart;21;France;79;Olympique Lyonnais;14500000;Right;RDM;6'1;83;51;42
226161;Marcos Llorente;23;Spain;79;Real Madrid;16000000;Right;CDM;6'0;73;65;39
225997;B. Verbič;24;Slovenia;79;Dynamo Kyiv;15500000;Right;LM;5'10;70;80;74
225953;S. Bergwijn;20;Netherlands;79;PSV;18000000;Right;LW;5'10;78;74;73
225711;A. Diallo;22;France;79;Borussia Dortmund;15000000;Left;LCB;6'1;79;56;38
225663;A. Golovin;22;Russia;79;AS Monaco;17000000;Right;CAM;5'11;69;73;72
225647;M. Campaña;29;Uruguay;79;Independiente;10000000;Right;GK;6'1;75;18;16
224254;C. Pavón;22;Argentina;79;Boca Juniors;17500000;Right;RW;5'9;78;78;72
224069;K. Toko-Ekambi;25;Cameroon;79;Villarreal CF;15000000;Right;LS;6'1;74;80;81
223682;Granell;29;Spain;79;Girona FC;12000000;Left;LWB;5'9;70;74;74
223061;F. Cervi;24;Argentina;79;SL Benfica;17000000;Left;LW;5'5;62;75;65
222028;J. Weigl;22;Germany;79;Borussia Dortmund;14500000;Right;CDM;6'1;72;56;41
221660;V. Lindelöf;23;Sweden;79;Manchester United;14500000;Right;CB;6'2;80;44;36
220018;A. Rebić;24;Croatia;79;Eintracht Frankfurt;16000000;Right;CAM;6'1;78;75;79
219932;A. Sanabria;22;Paraguay;79;Real Betis;17500000;Right;ST;5'11;74;82;81
219576;R. Battaglia;26;Argentina;79;Sporting CP;14500000;Right;CM;6'2;79;75;63
216497;M. Philipp;24;Germany;79;Borussia Dortmund;17000000;Right;ST;6'0;79;79;81
216388;A. Saint-Maximin;21;France;79;OGC Nice;18000000;Right;RS;5'8;67;74;70
216150;D. Zappacosta;26;Italy;79;Chelsea;12500000;Right;RB;6'0;72;71;59
215353;L. Alario;25;Argentina;79;Bayer 04 Leverkusen;16000000;Right;ST;6'0;78;85;84
215061;D. Benedetto;28;Argentina;79;Boca Juniors;13000000;Right;ST;5'10;80;82;86
215057;I. Marcone;28;Argentina;79;Cruz Azul;11500000;Right;RDM;6'0;83;56;48
214947;J. Gbamin;22;Ivory Coast;79;1. FSV Mainz 05;14500000;Right;RCM;6'1;83;63;40
213991;J. Lerma;23;Colombia;79;Bournemouth;14500000;Right;RCM;5'10;70;58;56
213516;Ricardo Horta;23;Portugal;79;SC Braga;17000000;Right;LM;5'8;63;81;74
213160;R. Zobnin;24;Russia;79;Spartak Moscow;15000000;Right;LDM;6'0;75;64;65
212150;M. Meyer;22;Germany;79;Crystal Palace;16000000;Right;LM;5'8;68;72;63
211368;Bruma;23;Portugal;79;RB Leipzig;16500000;Right;LW;5'8;70;74;71
211267;R. Centurión;25;Argentina;79;Racing Club;15500000;Right;RM;5'9;74;70;72
210455;Jonny;24;Spain;79;Wolverhampton Wanderers;13500000;Right;LWB;5'7;70;53;34
210411;Otávio;23;Brazil;79;FC Porto;17500000;Right;RM;5'8;71;76;67
210324;J. Hofmann;25;Germany;79;Borussia Mönchengladbach;15000000;Right;CAM;5'9;70;78;69
208920;N. Aké;23;Netherlands;79;Bournemouth;14500000;Left;CB;5'11;75;53;45
208334;J. Hector;28;Germany;79;1. FC Köln;10000000;Left;LWB;6'1;75;62;55
207993;S. Kolašinac;25;Bosnia Herzegovina;79;Arsenal;13000000;Left;LB;6'0;85;66;59
207939;G. Pizarro;28;Argentina;79;Tigres U,A,N,L,;10000000;Right;LDM;6'1;74;67;59
207732;Roger;27;Spain;79;Levante UD;14500000;Right;RS;5'10;74;83;82
206652;Sergio Rico;24;Spain;79;Fulham;11500000;Right;GK;6'4;88;11;14
206304;L. Milivojević;27;Serbia;79;Crystal Palace;12500000;Right;RCM;6'1;80;66;54
205407;D. Baselli;26;Italy;79;Torino;15500000;Right;CDM;6'0;70;75;67
205193;K. Rekik;23;Netherlands;79;Hertha BSC;14000000;Left;CB;6'1;79;41;33
205192;Denis Suárez;24;Spain;79;FC Barcelona;17500000;Right;CM;5'9;69;76;72
204638;W. Orban;25;Hungary;79;RB Leipzig;13000000;Right;RCB;6'1;83;34;38
204614;Mário Rui;27;Portugal;79;Napoli;11500000;Left;LB;5'7;67;59;27
204525;Iñigo Martínez;27;Spain;79;Athletic Club de Bilbao;12000000;Left;LCB;6'0;77;48;42
204311;K. Zouma;23;France;79;Everton;14000000;Right;CB;6'3;96;53;47
204277;Roque Mesa;29;Spain;79;Sevilla FC;10000000;Right;CDM;5'7;74;64;65
204082;J. Brooks;25;United States;79;VfL Wolfsburg;14000000;Left;LCB;6'4;78;40;39
203775;L. Karius;25;Germany;79;Beşiktaş JK;11500000;Right;GK;6'2;87;8;18
203757;Zé Luís;27;Cape Verde;79;Spartak Moscow;14500000;Left;ST;6'0;88;78;74
203483;D. Klaassen;25;Netherlands;79;SV Werder Bremen;15000000;Right;LCM;5'10;70;80;77
203362;M. Elyounoussi;23;Norway;79;Southampton;17500000;Right;LM;5'10;70;71;72
203106;L. Bittencourt;24;Germany;79;TSG 1899 Hoffenheim;16000000;Right;LM;5'7;62;70;65
202648;Sergi Darder;24;Spain;79;RCD Espanyol;16000000;Right;RCM;5'11;71;75;59
202562;J. Roussillon;25;France;79;VfL Wolfsburg;14000000;Left;LB;5'9;80;71;64
202325;D. Demme;26;Germany;79;RB Leipzig;12000000;Right;CDM;5'7;68;67;26
202201;J. Gouweleeuw;26;Netherlands;79;FC Augsburg;12000000;Right;RCB;6'2;78;61;46
201862;M. Rojo;28;Argentina;79;Manchester United;10000000;Left;CB;6'2;80;57;50
201519;J. Veretout;25;France;79;Fiorentina;16500000;Right;CDM;5'9;67;72;66
201510;L. Kurzawa;25;France;79;Paris Saint-Germain;13000000;Left;LB;6'0;76;76;73
201508;G. Ramírez;27;Uruguay;79;Sampdoria;13000000;Left;CAM;6'0;77;75;74
201505;David López;28;Spain;79;RCD Espanyol;10000000;Right;RCB;6'0;81;59;65
201325;C. Tătăruşanu;32;Romania;79;FC Nantes;7000000;Right;GK;6'5;86;13;15
201143;A. Mandi;26;Algeria;79;Real Betis;13000000;Right;RCB;6'0;78;67;41
201042;D. Sidibé;25;France;79;AS Monaco;12000000;Right;RB;6'0;81;75;62
200641;Y. Konoplyanka;28;Ukraine;79;FC Schalke 04;12500000;Right;LW;5'10;78;76;76
200260;S. Berghuis;26;Netherlands;79;Feyenoord;15000000;Left;RW;6'0;72;75;75
200155;H. Vanaken;25;Belgium;79;Club Brugge KV;15500000;Right;CAM;6'5;80;81;74
199823;Campaña;25;Spain;79;Levante UD;15500000;Right;CDM;5'10;70;68;73
199767;M. van Ginkel;25;Netherlands;79;Chelsea;14500000;Right;CM;6'1;82;78;76
199561;Nolito;31;Spain;79;Sevilla FC;11000000;Right;LM;5'9;72;81;79
199439;M. Gregoritsch;24;Austria;79;FC Augsburg;16000000;Left;CAM;6'4;87;78;80
199416;Ibai Gómez;28;Spain;79;Deportivo Alavés;12500000;Right;RM;5'10;72;78;79
199304;Danilo;26;Brazil;79;Manchester City;12000000;Right;RB;6'0;78;75;61
199189;R. Barkley;24;England;79;Chelsea;16000000;Right;CAM;6'1;87;71;68
199005;M. Ryan;26;Australia;79;Brighton & Hove Albion;10500000;Right;GK;6'0;82;10;11
198715;Sergio León;29;Spain;79;Real Betis;12500000;Right;ST;5'10;73;80;82
198200;B. Stambouli;27;France;79;FC Schalke 04;10500000;Right;RCB;5'11;82;60;50
198118;J. Guilavogui;27;France;79;VfL Wolfsburg;12000000;Right;CDM;6'2;77;63;49
198031;Sérgio Oliveira;26;Portugal;79;FC Porto;15500000;Right;CM;5'11;72;72;67
197083;D. Caligiuri;30;Italy;79;FC Schalke 04;9000000;Right;RWB;6'0;80;75;72
196978;C. Wilson;26;England;79;Bournemouth;15500000;Right;ST;5'11;66;82;83
194957;P. Jones;26;England;79;Manchester United;12000000;Right;CB;6'1;71;42;44
194761;Borja García;27;Spain;79;Girona FC;13000000;Right;LM;5'9;72;77;77
193738;Y. Belhanda;28;Morocco;79;Galatasaray SK;12500000;Right;CAM;5'10;75;70;74
193601;G. Pezzella;27;Argentina;79;Fiorentina;12500000;Right;RCB;6'1;81;50;48
193171;Jaume Costa;30;Spain;79;Villarreal CF;9000000;Left;LB;5'7;62;66;53
192991;C. Tosun;27;Turkey;79;Everton;14500000;Right;ST;6'0;78;81;79
192679;Escudero;28;Spain;79;Sevilla FC;10000000;Left;LM;5'9;72;63;56
192678;Kike García;28;Spain;79;SD Eibar;13000000;Right;ST;6'1;79;79;80
192598;Elkeson;28;Brazil;79;Shanghai SIPG FC;13000000;Right;ST;5'11;77;77;75
192064;Ricardo Goulart;27;Brazil;79;Guangzhou Evergrande Taobao FC;14500000;Right;CF;5'11;80;83;77
191076;J. Guðmundsson;27;Iceland;79;Burnley;13000000;Left;RM;5'10;77;74;70
190456;N. Clyne;27;England;79;Liverpool;11500000;Right;RB;5'9;67;72;54
190243;M. Hitz;30;Switzerland;79;Borussia Dortmund;8000000;Right;GK;6'4;89;8;27
190149;De Marcos;29;Spain;79;Athletic Club de Bilbao;9500000;Right;RB;6'0;80;78;59
189682;B. Mee;28;England;79;Burnley;10000000;Left;LCB;6'0;82;38;30
189681;Rafael;27;Brazil;79;Olympique Lyonnais;10500000;Right;RB;5'8;78;79;53
189560;Iborra;30;Spain;79;Leicester City;9500000;Right;CDM;6'3;91;77;69
189461;J. Wilshere;26;England;79;West Ham United;15000000;Left;CM;5'8;68;77;62
189433;B. Hübner;28;Germany;79;TSG 1899 Hoffenheim;10000000;Left;CB;6'4;86;41;20
189423;Souza;29;Brazil;79;Al Ahli;10000000;Right;CDM;6'2;80;66;55
189271;F. Coquelin;27;France;79;Valencia CF;12000000;Right;LCM;5'10;74;62;54
188081;Alex Teixeira;28;Brazil;79;Jiangsu Suning FC;13000000;Right;LS;5'8;70;80;77
187735;A. Dzagoev;28;Russia;79;PFC CSKA Moscow;12500000;Right;RDM;5'10;75;76;70
187052;Y. M'Vila;28;France;79;AS Saint-Étienne;11500000;Right;LDM;6'0;80;41;56
186832;K. Asamoah;29;Ghana;79;Inter;9500000;Left;LB;5'8;75;78;55
186148;R. Zieler;29;Germany;79;VfB Stuttgart;10000000;Right;GK;6'2;81;15;10
186132;D. Drinkwater;28;England;79;Chelsea;12500000;Right;CM;5'10;81;71;60
185431;N. Kalinić;30;Croatia;79;Atlético Madrid;12000000;Right;ST;6'2;80;87;83
184949;Mariano;32;Brazil;79;Galatasaray SK;7000000;Right;RB;5'10;69;74;54
184881;S. Feghouli;28;Algeria;79;Galatasaray SK;12500000;Right;RM;5'9;75;77;68
184826;Adrien Silva;29;Portugal;79;Leicester City;12000000;Right;CM;5'9;69;73;67
184134;Fernando;30;Brazil;79;Galatasaray SK;9500000;Right;CDM;6'0;76;59;54
183909;I. Traoré;30;Guinea;79;Borussia Mönchengladbach;12000000;Left;RM;5'7;61;76;66
183892;G. Mercado;31;Argentina;79;Sevilla FC;8500000;Right;RCB;5'11;83;63;60
183580;N. Petersen;29;Germany;79;SC Freiburg;12500000;Right;RS;6'2;84;85;84
183497;O. Karnezis;32;Greece;79;Napoli;7000000;Right;GK;6'3;81;10;16
183285;M. Sakho;28;France;79;Crystal Palace;11500000;Left;CB;6'2;83;36;23
182002;Sidnei;28;Brazil;79;Real Betis;11500000;Right;LCB;6'2;88;44;46
181820;S. Jovetić;28;Montenegro;79;AS Monaco;13000000;Right;ST;6'0;79;80;80
178311;Eder;31;Italy;79;Jiangsu Suning FC;11500000;Right;RS;5'10;72;83;78
178224;J. Hernández;30;Mexico;79;West Ham United;12000000;Right;ST;5'9;73;86;84
177723;Fabricio;30;Spain;79;Fulham;8000000;Right;GK;6'0;80;14;14
177644;Kiko Casilla;31;Spain;79;Real Madrid;7500000;Right;GK;6'3;86;12;14
177633;Ángel;31;Spain;79;Getafe CF;11500000;Right;ST;5'8;68;79;79
177358;M. Schneiderlin;28;France;79;Everton;10000000;Right;CDM;6'1;75;63;58
176944;M. Fellaini;30;Belgium;79;Manchester United;11500000;Right;CM;6'4;85;84;73
176731;P. Wernbloom;32;Sweden;79;PAOK;7000000;Right;CDM;6'2;85;75;70
176550;D. Ospina;29;Colombia;79;Napoli;8500000;Right;GK;6'0;80;16;10
173426;S. Mignolet;30;Belgium;79;Liverpool;8000000;Right;GK;6'4;87;14;11
172723;A. Begović;31;Bosnia Herzegovina;79;Bournemouth;7500000;Right;GK;6'6;83;11;19
170797;N. Şahin;29;Turkey;79;SV Werder Bremen;10000000;Left;CDM;5'11;73;67;61
169705;R. Bertrand;28;England;79;Southampton;10000000;Left;LB;5'10;85;63;50
169115;A. Masiello;32;Italy;79;Atalanta;7000000;Right;CB;6'0;82;30;23
164859;T. Walcott;29;England;79;Everton;12500000;Right;RM;5'9;68;77;74
164029;Charles;34;Brazil;79;SD Eibar;6500000;Right;LS;5'10;75;83;80
163264;T. Heaton;32;England;79;Burnley;7000000;Right;GK;6'2;92;12;12
161648;H. Ben Arfa;31;France;79;Stade Rennais FC;11000000;Left;CAM;5'10;74;72;70
160741;D. Abraham;31;Argentina;79;Eintracht Frankfurt;8500000;Right;CB;6'2;84;31;46
159065;E. Lavezzi;33;Argentina;79;Hebei China Fortune FC;8000000;Right;CAM;5'8;75;82;80
158232;S. Kalou;32;Ivory Coast;79;Hertha BSC;10000000;Right;LM;6'0;77;83;82
158133;J. Farfán;33;Peru;79;Lokomotiv Moscow;7500000;Right;CAM;5'10;84;75;73
157301;R. Babel;31;Netherlands;79;Beşiktaş JK;11000000;Right;LM;6'1;85;77;77
152908;A. Young;32;England;79;Manchester United;7000000;Right;LB;5'9;65;67;64
150724;J. Hart;31;England;79;Burnley;7500000;Right;GK;6'5;91;14;14
142707;L. López;35;Argentina;79;Racing Club;6000000;Right;LS;5'9;72;82;80
137351;D. Baier;34;Germany;79;FC Augsburg;3800000;Right;CDM;5'9;78;58;52
124375;B. Yılmaz;32;Turkey;79;Trabzonspor;10000000;Right;ST;6'2;77;85;82
121933;R. Adler;33;Germany;79;1. FSV Mainz 05;6500000;Right;GK;6'3;85;7;14
108080;S. Lichtsteiner;34;Switzerland;79;Arsenal;3600000;Right;RB;6'0;76;66;45
53050;E. Adebayor;34;Togo;79;Medipol Başakşehir FK;6500000;Right;ST;6'4;82;78;80
80;E. Belözoğlu;37;Turkey;79;Medipol Başakşehir FK;4000000;Left;CM;5'7;72;63;68
242348;Loren;24;Spain;78;Real Betis;14000000;Right;RS;6'2;82;75;86
240130;Éder Militão;20;Brazil;78;FC Porto;14000000;Right;LCB;6'1;79;59;48
235805;F. Chiesa;20;Italy;78;Fiorentina;16000000;Right;RW;5'9;70;76;70
235374;M. Lazzari;24;Italy;78;SPAL;13000000;Right;RM;5'9;67;73;66
235212;A. Hakimi;19;Morocco;78;Borussia Dortmund;12500000;Right;LB;5'11;73;71;59
232862;S. Nakajima;23;Japan;78;Portimonense SC;14000000;Right;LW;5'5;64;75;73
232432;L. Jović;20;Serbia;78;Eintracht Frankfurt;15500000;Right;LS;6'0;87;78;81
232244;S. Ascacíbar;21;Argentina;78;VfB Stuttgart;12000000;Right;CDM;5'6;70;31;39
231691;A. Lafont;19;France;78;Fiorentina;14000000;Right;GK;6'4;82;4;6
231281;T. Alexander-Arnold;19;England;78;Liverpool;14000000;Right;RB;5'11;69;62;56
230988;F. Krovinović;22;Croatia;78;SL Benfica;14000000;Right;CAM;5'10;70;74;64
230431;Sidney Pessinho;26;Brazil;78;Internacional;9000000;Right;CDM;6'2;85;52;56
230360;Everticinho;30;Brazil;78;Grêmio;7500000;Right;RB;5'9;75;76;69
230269;Claudio Coíntra;34;Brazil;78;Internacional;5000000;Left;CAM;5'9;71;78;73
230184;Ronaldo Esler;30;Brazil;78;Atlético Mineiro;7500000;Left;LB;5'6;65;69;45
230020;P. Lees-Melou;25;France;78;OGC Nice;12500000;Right;RCM;6'1;69;77;70
229984;B. Chilwell;21;England;78;Leicester City;12500000;Left;LB;5'10;77;74;43
229406;João Novais;24;Portugal;78;SC Braga;13000000;Right;CAM;6'0;77;76;72
228881;D. Calabria;21;Italy;78;Milan;14500000;Right;RB;5'9;70;42;30
228618;F. Mendy;23;France;78;Olympique Lyonnais;13000000;Left;LB;5'10;73;75;62
228251;L. Pellegrini;22;Italy;78;Roma;14000000;Right;CM;6'1;77;74;60
227476;Soares;27;Brazil;78;FC Porto;12000000;Right;LS;6'2;82;84;76
226766;Daniel Podence;22;Portugal;78;Olympiacos CFP;14000000;Right;LM;5'4;65;76;64
226379;M. Díaz;32;Argentina;78;Club Atlético Huracán;6000000;Right;GK;6'2;84;14;11
226377;G. Martínez;25;Argentina;78;River Plate;13500000;Left;CAM;5'8;75;71;70
226168;M. Eggestein;21;Germany;78;SV Werder Bremen;14000000;Right;RCM;5'11;75;69;61
226078;Trezeguet;23;Egypt;78;Kasimpaşa SK;13000000;Right;LM;5'10;78;69;75
225309;N. Amiri;21;Germany;78;TSG 1899 Hoffenheim;14500000;Right;CAM;5'11;73;69;65
225161;Vallejo;21;Spain;78;Real Madrid;13500000;Right;CB;6'0;79;32;44
225100;J. Gomez;21;England;78;Liverpool;14500000;Right;CB;6'2;77;51;26
224458;Diogo Jota;21;Portugal;78;Wolverhampton Wanderers;15500000;Right;LW;5'10;73;81;74
224309;Joan Jordán;23;Spain;78;SD Eibar;13500000;Right;LCM;6'0;74;71;75
224116;Dyego Sousa;28;Brazil;78;SC Braga;10500000;Right;ST;6'3;83;80;81
224031;A. Marušić;25;Montenegro;78;Lazio;12500000;Right;RM;6'1;85;73;66
223952;David Soria;25;Spain;78;Getafe CF;9000000;Right;GK;6'4;85;12;19
223874;V. Rongier;23;France;78;FC Nantes;14000000;Right;RCM;5'8;70;74;70
223689;W. Weghorst;25;Netherlands;78;VfL Wolfsburg;13000000;Right;LS;6'6;84;82;81
223627;O. Al Soma;29;Syria;78;Al Ahli;10500000;Right;LS;6'3;86;77;80
222994;M. Nakamba;24;Zimbabwe;78;Club Brugge KV;12000000;Left;LCM;5'9;79;55;36
222709;Petros;29;Brazil;78;Al Nassr;10000000;Right;LDM;5'11;77;66;61
221342;Pablo Maffeo;20;Spain;78;VfB Stuttgart;13000000;Right;RWB;5'8;70;67;53
220523;Y. Mina;23;Colombia;78;Everton;12500000;Right;LCB;6'5;94;48;51
220407;M. Dúbravka;29;Slovakia;78;Newcastle United;8500000;Right;GK;6'3;80;10;10
219693;Diego Carlos;25;Brazil;78;FC Nantes;10500000;Right;RCB;6'1;86;52;26
217940;D. Djené;26;Togo;78;Getafe CF;10000000;Right;RCB;5'9;71;49;29
216816;G. Simeone;22;Argentina;78;Fiorentina;15000000;Right;ST;5'11;81;80;80
216700;M. Meza;25;Argentina;78;Independiente;12500000;Right;LM;5'11;76;71;73
216655;Bastos;26;Angola;78;Lazio;10000000;Right;CB;5'11;77;31;30
216435;S. Lobotka;23;Slovakia;78;RC Celta;14000000;Right;CM;5'7;64;65;59
216393;Y. Tielemans;21;Belgium;78;AS Monaco;16000000;Right;CM;5'9;72;74;73
216373;Marcelo Goiano;30;Brazil;78;SC Braga;7500000;Right;RB;5'9;69;69;34
216266;K. Tete;22;Netherlands;78;Olympique Lyonnais;11500000;Right;RB;5'11;71;60;42
216189;Capa;26;Spain;78;Athletic Club de Bilbao;10500000;Right;RB;5'9;74;76;56
216065;M. Sportiello;26;Italy;78;Frosinone;9000000;Right;GK;6'4;87;18;18
215792;Jemerson;25;Brazil;78;AS Monaco;11000000;Right;LCB;6'0;77;26;28
215466;N. Maksimović;26;Serbia;78;Napoli;11000000;Right;CB;6'4;87;29;22
215333;D. Zapata;27;Colombia;78;Atalanta;12000000;Right;RS;6'2;88;78;81
215330;J. Correa;23;Argentina;78;Lazio;14000000;Right;LM;6'2;77;74;74
215259;E. Rigoni;25;Argentina;78;Atalanta;13000000;Left;RM;5'10;74;75;73
214766;C. Izquierdoz;29;Argentina;78;Boca Juniors;8000000;Right;RCB;6'1;89;35;45
214394;W. Barrios;24;Colombia;78;Boca Juniors;12500000;Right;CDM;5'10;71;60;30
214026;J. Mojica;25;Colombia;78;Girona FC;10500000;Left;LWB;6'1;73;69;62
213732;A. Selikhov;24;Russia;78;Spartak Moscow;9500000;Right;GK;6'2;85;15;14
213655;A. Iwobi;22;Nigeria;78;Arsenal;14000000;Right;LM;6'1;75;75;64
213400;D. Laxalt;25;Uruguay;78;Milan;12500000;Left;LB;5'10;68;68;60
213296;N. Bentaleb;23;Algeria;78;FC Schalke 04;13500000;Left;CM;6'2;78;68;62
212977;N. Stark;23;Germany;78;Hertha BSC;12000000;Right;CB;6'3;81;52;50
212811;M. Lemina;24;Gabon;78;Southampton;13500000;Right;LCM;6'0;85;68;55
212501;L. Dendoncker;23;Belgium;78;Wolverhampton Wanderers;12000000;Right;CB;6'2;88;71;66
212213;Ricardo Esgaio;25;Portugal;78;SC Braga;12500000;Right;RM;5'8;68;75;65
212196;P. Sisto;23;Denmark;78;RC Celta;14000000;Right;LW;5'8;69;73;76
212187;P. Max;24;Germany;78;FC Augsburg;11000000;Left;LWB;5'10;77;62;40
212153;R. Gagliardini;24;Italy;78;Inter;11500000;Right;CDM;6'3;77;68;54
211706;Pere Pons;25;Spain;78;Girona FC;13500000;Right;RCM;5'10;70;64;65
210935;D. Berardi;23;Italy;78;Sassuolo;14000000;Left;RW;6'0;72;77;74
210665;M. Halstenberg;26;Germany;78;RB Leipzig;10000000;Left;LB;6'2;82;61;57
210513;J. Quintero;25;Colombia;78;River Plate;12500000;Left;CAM;5'6;67;63;66
209307;Tiago Volpi;27;Brazil;78;Querétaro;8500000;Right;GK;6'1;85;10;14
208777;Óliver Torres;23;Spain;78;FC Porto;13500000;Right;CM;5'9;63;76;70
208620;Omar Mascarell;25;Spain;78;FC Schalke 04;10500000;Right;CDM;5'11;76;62;53
208520;H. Sakai;28;Japan;78;Olympique de Marseille;8000000;Right;RB;6'0;70;74;33
208450;Andreas Pereira;22;Brazil;78;Manchester United;14000000;Right;CM;5'10;71;71;74
208330;A. Januzaj;23;Belgium;78;Real Sociedad;14000000;Left;RW;6'1;76;76;71
208268;B. Cristante;23;Italy;78;Roma;15000000;Right;CM;6'1;80;76;68
208104;Matheus;25;Brazil;78;SC Braga;9500000;Right;GK;6'2;76;12;12
207948;B. Traoré;22;Burkina Faso;78;Olympique Lyonnais;14000000;Left;RM;5'11;73;79;75
207791;Y. Poulsen;24;Denmark;78;RB Leipzig;13000000;Right;RW;6'4;78;80;72
207421;L. Trossard;23;Belgium;78;KRC Genk;14000000;Right;LM;5'8;67;75;80
206511;M. Arnold;24;Germany;78;VfL Wolfsburg;13500000;Left;LCM;6'0;74;75;77
206058;M. De Sciglio;25;Italy;78;Juventus;10500000;Right;RB;6'0;78;64;33
205976;Leo Baptistao;25;Brazil;78;RCD Espanyol;12500000;Right;RW;5'11;72;83;75
205943;V. Chiricheş;28;Romania;78;Napoli;8500000;Right;CB;6'0;75;36;56
205850;L. Pavoletti;29;Italy;78;Cagliari;10500000;Right;RS;6'2;85;80;81
205659;A. Cragno;24;Italy;78;Cagliari;10500000;Right;GK;6'0;78;15;12
205633;L. Castro;29;Argentina;78;Cagliari;10000000;Right;CM;6'0;78;75;58
205431;N. Füllkrug;25;Germany;78;Hannover 96;12500000;Right;RS;6'2;83;82;81
205083;F. Fajr;29;Morocco;78;Stade Malherbe Caen;10000000;Right;RCM;5'10;71;69;72
204838;R. Jiménez;27;Mexico;78;Wolverhampton Wanderers;12000000;Right;RS;6'2;81;83;76
204819;E. Sala;27;Argentina;78;FC Nantes;11000000;Right;ST;6'2;83;82;80
204385;S. García;27;Uruguay;78;Godoy Cruz;11000000;Right;ST;5'11;80;84;82
204259;S. Arias;26;Colombia;78;Atlético Madrid;10500000;Right;RB;5'10;72;70;51
204240;B. Reynet;27;France;78;Toulouse Football Club;8500000;Right;GK;6'1;85;12;17
203895;Pozuelo;26;Spain;78;KRC Genk;12000000;Right;CAM;5'8;72;74;66
203886;A. Trebel;27;France;78;RSC Anderlecht;11500000;Left;CM;5'9;74;72;59
203487;J. Lascelles;24;England;78;Newcastle United;12000000;Right;RCB;6'2;89;23;23
203485;T. Kongolo;24;Netherlands;78;Huddersfield Town;12000000;Left;LCB;6'2;70;49;27
203299;A. Carrillo;27;Peru;78;Al Hilal;11000000;Right;RM;5'11;78;74;73
202935;Álvaro;28;Spain;78;Villarreal CF;9500000;Right;RCB;6'0;75;45;22
202851;G. Defrel;27;France;78;Sampdoria;11000000;Left;LS;5'10;77;81;79
202642;Fernando;26;Brazil;78;Spartak Moscow;11000000;Right;CDM;5'9;80;47;63
201262;V. Darida;27;Czech Republic;78;Hertha BSC;10500000;Right;CM;5'7;64;72;68
201046;R. Saponara;26;Italy;78;Sampdoria;12500000;Right;CAM;6'0;73;78;64
200677;Pedro Mendes;27;Portugal;78;Montpellier HSC;10000000;Right;RCB;6'1;78;25;25
200607;C. Schindler;28;Germany;78;Huddersfield Town;10000000;Right;CB;6'2;77;27;25
200529;N. Chadli;28;Belgium;78;AS Monaco;10500000;Right;LM;6'2;85;77;73
199986;Arbilla;31;Spain;78;SD Eibar;7000000;Right;CB;5'10;76;57;40
199915;L. Dunk;26;England;78;Brighton & Hove Albion;11000000;Right;LCB;6'4;88;30;37
199827;P. Hernández;31;Chile;78;Independiente;9000000;Left;CM;6'1;81;76;66
199602;J. Guidetti;26;Sweden;78;Deportivo Alavés;13000000;Right;LS;6'1;79;79;76
199577;Sergi Gómez;26;Spain;78;Sevilla FC;11500000;Right;LCB;6'1;77;52;35
199576;Oriol Romeu;26;Spain;78;Southampton;10500000;Right;CDM;6'0;83;48;25
199354;Lucas Pérez;29;Spain;78;West Ham United;10500000;Left;ST;5'11;73;79;78
198648;B. Natcho;30;Israel;78;Olympiacos CFP;9500000;Right;CM;5'10;75;68;70
198513;Cláudio Ramos;26;Portugal;78;CD Tondela;9500000;Right;GK;6'0;85;10;14
197948;F. Lejeune;27;France;78;Newcastle United;10000000;Right;CB;6'2;89;46;50
197242;G. Krychowiak;28;Poland;78;Lokomotiv Moscow;9500000;Right;LCM;6'1;85;52;42
197225;N. Lodeiro;29;Uruguay;78;Seattle Sounders FC;10000000;Left;CAM;5'7;69;75;65
196934;O. Özyakup;25;Turkey;78;Beşiktaş JK;13000000;Right;RDM;5'11;75;74;62
143001;C. Tévez;34;Argentina;78;Boca Juniors;5000000;Right;CAM;5'7;80;78;77
184477;K. Papadopoulos;26;Greece;78;Hamburger SV;10500000;Right;CB;6'1;87;35;24
182945;M. Gradel;30;Ivory Coast;78;Toulouse Football Club;10000000;Right;LW;5'10;70;76;78
158626;M. Debuchy;32;France;78;AS Saint-Étienne;5500000;Right;RB;5'9;76;63;62
172962;V. Moses;27;Nigeria;78;Chelsea;11000000;Right;RW;5'10;77;76;69
173474;Z. Junuzović;30;Austria;78;FC Red Bull Salzburg;9500000;Right;CM;5'8;69;70;68
178085;Granero;30;Spain;78;RCD Espanyol;9500000;Right;LCM;5'11;78;71;73
189606;J. Baumgartlinger;30;Austria;78;Bayer 04 Leverkusen;7500000;Right;CDM;6'0;86;62;39
171688;Fábio Coentrão;30;Portugal;78;Rio Ave FC;10000000;Left;RW;5'10;66;76;65
158121;B. Costil;30;France;78;FC Girondins de Bordeaux;6500000;Right;GK;6'2;88;12;14
193198;N. Gudelj;26;Serbia;78;Sporting CP;10500000;Right;CDM;6'2;73;67;58
184252;L. Pratto;30;Argentina;78;River Plate;10000000;Right;LS;6'2;91;80;76
186302;E. Hernández;30;Mexico;78;Cruz Azul;10000000;Right;LM;5'7;65;70;75
159171;Jurado;32;Spain;78;Al Ahli;8000000;Right;LCM;5'9;72;78;77
193476;R. Cabella;28;France;78;AS Saint-Étienne;10500000;Right;CAM;5'7;71;69;70
187598;Rafael Tolói;27;Brazil;78;Atalanta;10000000;Right;RCB;6'1;75;40;28
174543;C. Bravo;35;Chile;78;Manchester City;2400000;Right;GK;6'0;80;16;13
180432;Hernanes;33;Brazil;78;Hebei China Fortune FC;6000000;Right;RDM;5'11;77;56;57
186581;K. Honda;32;Japan;78;Melbourne Victory;8000000;Left;RM;6'0;74;74;65
182744;J. Holebas;34;Greece;78;Watford;2900000;Left;LB;6'1;81;62;57
161754;Javi García;31;Spain;78;Real Betis;7000000;Right;CDM;6'1;82;62;59
163806;Sergio;31;Spain;78;RC Celta;6500000;Right;GK;5'10;75;12;11
182495;M. Cáceres;31;Uruguay;78;Lazio;7000000;Right;LCB;5'11;78;50;37
189156;Daniel Carriço;29;Portugal;78;Sevilla FC;8000000;Right;CB;5'11;80;57;48
169706;J. Cork;29;England;78;Burnley;10000000;Right;RCM;6'0;75;68;58
173546;J. Tomkins;29;England;78;Crystal Palace;9000000;Right;RCB;6'4;74;38;29
180714;Guilherme;32;Russia;78;Lokomotiv Moscow;6000000;Right;GK;6'5;95;13;11
170733;Gervinho;31;Ivory Coast;78;Parma;9000000;Right;RW;5'10;66;78;72
189165;J. Shelvey;26;England;78;Newcastle United;12500000;Right;CM;6'0;80;70;67
156142;R. Eremenko;31;Finland;78;Spartak Moscow;9000000;Right;CAM;6'1;80;73;69
178415;R. Vormer;30;Netherlands;78;Club Brugge KV;9500000;Right;RCM;5'10;79;79;71
178416;J. Lens;30;Netherlands;78;Beşiktaş JK;10000000;Right;LM;5'10;75;71;74
164082;Adriano;33;Brazil;78;Beşiktaş JK;4000000;Left;LB;5'8;75;77;59
193011;S. Cook;27;England;78;Bournemouth;8500000;Right;RCB;6'1;82;21;31
150516;L. Podolski;33;Germany;78;Vissel Kobe;6500000;Left;RF;6'0;83;75;77
173306;C. Ansaldi;31;Argentina;78;Torino;7000000;Left;LM;5'11;76;65;57
172287;Manu García;32;Spain;78;Deportivo Alavés;6000000;Left;LCM;6'0;74;61;60
184575;R. Alessandrini;29;France;78;LA Galaxy;10000000;Left;RM;5'8;70;75;74
205569;J. Ward-Prowse;23;England;77;Southampton;12000000;Right;RM;5'8;66;65;61
177666;M. Harnik;31;Austria;77;SV Werder Bremen;8000000;Right;ST;6'1;80;78;76
185090;B. Moukandjo;29;Cameroon;77;Beijing Renhe FC;9000000;Right;CAM;5'11;74;77;79
229636;G. Pereiro;23;Uruguay;77;PSV;12000000;Left;RM;6'2;76;75;72
167431;G. Castro;31;Germany;77;VfB Stuttgart;7500000;Right;CM;5'8;72;73;66
236295;Aarón Martín;21;Spain;77;1. FSV Mainz 05;11000000;Left;LB;5'11;72;60;33
177159;F. Johnson;30;United States;77;Borussia Mönchengladbach;8500000;Right;LM;6'0;74;74;70
215051;L. López;28;Argentina;77;Genoa;7000000;Right;CB;6'3;82;38;48
183820;M. Dossevi;30;Togo;77;Toulouse Football Club;8500000;Right;RM;5'8;65;75;62
189196;Caiuby;29;Brazil;77;FC Augsburg;8500000;Right;LM;6'0;85;76;73
208141;Gabriel;24;Brazil;77;SL Benfica;11500000;Left;CM;6'2;82;70;68
146701;Iván Ramis;33;Spain;77;SD Eibar;3600000;Right;LCB;6'2;82;52;54
181262;M. Suchý;30;Czech Republic;77;FC Basel 1893;6500000;Right;CB;6'0;84;32;48
203535;T. Vilhena;23;Netherlands;77;Feyenoord;11500000;Left;CM;5'9;75;70;70
199952;E. Çolak;27;Turkey;77;Al Wehda;9500000;Left;CAM;5'7;67;72;71
203280;V. Germain;28;France;77;Olympique de Marseille;9000000;Right;ST;5'11;73;80;78
156432;G. Hoarau;34;France;77;BSC Young Boys;4700000;Right;LS;6'4;85;82;83
135697;Sergio García;35;Spain;77;RCD Espanyol;4100000;Right;LW;5'9;72;81;76
183569;E. Choupo-Moting;29;Cameroon;77;Paris Saint-Germain;9000000;Right;ST;6'3;91;77;75
146963;J. Pinola;35;Argentina;77;River Plate;2100000;Left;LCB;5'11;79;59;38
212755;J. Hendrix;23;Netherlands;77;PSV;10000000;Left;LCM;5'11;75;69;54
219411;J. Izquierdo;25;Colombia;77;Brighton & Hove Albion;10500000;Right;LM;5'7;75;75;71
220948;S. Sydorchuk;27;Ukraine;77;Dynamo Kyiv;10000000;Right;CM;6'2;80;69;63
187924;C. Grenier;27;France;77;Stade Rennais FC;10000000;Right;LDM;6'1;72;78;72
207894;T. Strobl;28;Germany;77;Borussia Mönchengladbach;7000000;Right;CDM;6'2;77;55;30
175895;V. Odjidja-Ofoe;29;Belgium;77;KAA Gent;8500000;Right;CM;6'0;79;69;69
176919;N. Guzmán;32;Argentina;77;Tigres U,A,N,L,;5000000;Right;GK;6'4;94;19;10
214040;F. Fabra;27;Colombia;77;Boca Juniors;8000000;Left;LB;5'8;72;71;50
220697;J. Maddison;21;England;77;Leicester City;13000000;Right;CAM;5'9;73;69;69
162329;K. El Ahmadi;33;Morocco;77;Al Ittihad;3600000;Right;RDM;5'11;71;64;54
184089;M. Carcela-González;29;Morocco;77;Standard de Liège;8500000;Left;RM;5'9;67;74;72
198683;M. Gabbiadini;26;Italy;77;Southampton;10500000;Left;ST;5'11;72;79;79
186395;M. Ritchie;28;Scotland;77;Newcastle United;9000000;Left;RM;5'8;76;76;72
188955;G. Bou;28;Argentina;77;Racing Club;9000000;Right;ST;5'10;80;78;77
146460;Javi Fuego;34;Spain;77;Villarreal CF;2700000;Right;CDM;6'0;74;58;54
230685;E. Akbaba;25;Turkey;77;Galatasaray SK;11000000;Left;CAM;5'11;73;77;70
219681;J. Amavi;24;France;77;Olympique de Marseille;10000000;Left;LB;5'9;70;69;60
231969;R. Malinovskyi;25;Ukraine;77;KRC Genk;11500000;Left;RCM;5'11;85;69;69
186146;D. Welbeck;27;England;77;Arsenal;9500000;Right;LW;6'1;73;79;75
221219;G. Conti;23;Argentina;77;SL Benfica;10500000;Right;CB;6'4;80;32;37
200228;Bruno;28;Spain;77;Getafe CF;8000000;Right;CB;6'1;86;36;23
210212;Garry Rodrigues;27;Cape Verde;77;Galatasaray SK;9500000;Right;LM;5'8;70;74;71
202789;A. Schwolow;26;Germany;77;SC Freiburg;7000000;Right;GK;6'2;84;10;12
224294;L. Cook;21;England;77;Bournemouth;12500000;Right;CM;5'9;71;68;57
215079;P. Pérez;32;Argentina;77;Boca Juniors;6500000;Right;CM;5'9;80;69;61
230183;Gazzolisco;30;Brazil;77;Internacional;6500000;Left;LB;6'1;73;57;54
110376;Jonatan Soriano;32;Spain;77;Beijing Sinobo Guoan FC;7000000;Right;ST;5'11;72;80;83
211241;Rubén Peña;26;Spain;77;SD Eibar;8500000;Right;RB;5'7;65;78;71
185132;Mikel San José;29;Spain;77;Athletic Club de Bilbao;8500000;Right;CM;6'2;79;71;60
190765;P. Groß;27;Germany;77;Brighton & Hove Albion;10000000;Right;CAM;5'11;78;76;72
163631;L. Baines;33;England;77;Everton;3400000;Left;LB;5'7;70;73;63
183855;A. Ogbonna;30;Italy;77;West Ham United;6500000;Left;CB;6'3;86;33;25
200752;Juan Jesus;27;Brazil;77;Roma;7500000;Left;CB;6'1;83;38;20
196144;J. Martínez;31;Colombia;77;Portimonense SC;8000000;Right;ST;6'1;80;76;73
221491;N. Elvedi;21;Switzerland;77;Borussia Mönchengladbach;11000000;Right;RCB;6'2;78;53;30
196147;G. Moreno;32;Colombia;77;Shanghai Greenland Shenhua FC;7000000;Left;CAM;6'4;83;79;74
157492;J. Valdivia;34;Chile;77;Colo-Colo;4500000;Right;CAM;5'8;71;62;62
182836;A. Carroll;29;England;77;West Ham United;9000000;Left;ST;6'4;79;78;77
142902;A. Pyatov;34;Ukraine;77;Shakhtar Donetsk;3600000;Right;GK;6'3;90;14;9
196150;T. Gutiérrez;33;Colombia;77;Junior FC;5500000;Right;ST;5'10;81;81;80
227127;Álex Remiro;23;Spain;77;Athletic Club de Bilbao;9000000;Right;GK;6'3;83;11;13
199737;Wilson Eduardo;27;Portugal;77;SC Braga;9500000;Right;RS;5'10;73;79;76
223033;Jorge Meré;21;Spain;77;1. FC Köln;10500000;Right;CB;6'0;80;25;22
213051;M. Elneny;25;Egypt;77;Arsenal;9000000;Right;RDM;5'11;74;63;57
214332;D. Torres;28;Colombia;77;Deportivo Alavés;7000000;Right;CDM;6'0;81;62;55
209981;Y. Bounou;27;Morocco;77;Girona FC;7500000;Left;GK;6'4;78;10;14
189757;A. Prijović;28;Serbia;77;PAOK;9000000;Right;ST;6'3;88;80;79
215871;A. Jahanbakhsh;24;Iran;77;Brighton & Hove Albion;11500000;Right;RM;5'11;78;72;72
219455;J. Calleri;24;Argentina;77;Deportivo Alavés;12000000;Right;LS;5'11;77;79;76
230463;Simão Acunha;30;Brazil;77;Atlético Mineiro;8500000;Right;CAM;5'10;71;67;66
183871;N. Müller;30;Germany;77;Eintracht Frankfurt;8500000;Right;RM;5'8;66;75;75
205632;L. Ocampos;23;Argentina;77;Olympique de Marseille;12000000;Right;LM;6'2;84;73;75
169792;J. Rodriguez;28;England;77;West Bromwich Albion;9000000;Right;RS;6'1;84;78;77
162369;V. Ibišević;33;Bosnia Herzegovina;77;Hertha BSC;5500000;Right;LS;6'2;82;82;80
189250;S. Rondón;28;Venezuela;77;Newcastle United;9000000;Right;RS;6'1;98;77;75
189506;Victor Sánchez;30;Spain;77;RCD Espanyol;6500000;Right;CDM;5'9;72;65;57
203843;D. Suárez;30;Uruguay;77;Getafe CF;6500000;Right;RB;5'8;68;59;59
148803;K. Huntelaar;34;Netherlands;77;Ajax;4700000;Right;ST;6'1;83;84;80
216643;L. Dubois;23;France;77;Olympique Lyonnais;10500000;Right;RB;5'10;73;69;51
193862;André Pinto;28;Portugal;77;Sporting CP;7000000;Right;CB;6'4;86;21;34
204105;K. Lala;26;France;77;RC Strasbourg Alsace;8500000;Right;RWB;5'10;78;76;46
186953;O. Kıvrak;30;Turkey;77;Trabzonspor;5500000;Right;GK;6'2;74;12;10
192073;A. Bertolacci;27;Italy;77;Milan;9000000;Left;CM;5'10;75;76;62
192841;E. Giaccherini;33;Italy;77;Chievo Verona;5500000;Right;LW;5'6;60;80;66
220746;A. Živković;21;Serbia;77;SL Benfica;12500000;Left;LW;5'7;68;71;66
226378;R. Ábila;28;Argentina;77;Boca Juniors;9000000;Right;ST;5'10;93;81;80
178250;P. Diop;32;Senegal;77;SD Eibar;5000000;Right;RCM;5'10;77;59;57
206411;D. Garmash;28;Ukraine;77;Dynamo Kyiv;9000000;Right;CM;6'1;75;58;72
202316;T. Chandler;28;United States;77;Eintracht Frankfurt;7000000;Right;RB;6'0;82;71;55
140620;R. Klavan;32;Estonia;77;Cagliari;5000000;Left;CB;6'2;85;38;38
214092;A. Miranchuk;22;Russia;77;Lokomotiv Moscow;12000000;Left;CAM;6'0;74;72;64
179789;D. Da Silva;30;France;77;Stade Rennais FC;6500000;Right;RCB;6'0;82;39;25
115533;D. Benaglio;34;Switzerland;77;AS Monaco;3600000;Right;GK;6'4;89;7;12
191053;T. Rincón;30;Venezuela;77;Torino;8000000;Right;CM;5'10;76;66;45
182862;M. Pereira;34;Uruguay;77;FC Porto;2500000;Right;RB;5'8;73;70;57
190799;C. Borges;30;Costa Rica;77;Göztepe SK;6500000;Right;LDM;6'0;78;76;75
152912;J. Sand;37;Argentina;77;Deportivo Cali;3200000;Right;ST;6'0;79;84;83
155984;Markel Bergara;32;Spain;77;Getafe CF;5000000;Right;CDM;5'11;78;64;67
137809;Vágner Love;34;Brazil;77;Beşiktaş JK;4700000;Right;ST;5'7;72;83;77
214097;B. Bourigeaud;24;France;77;Stade Rennais FC;11500000;Right;LM;5'10;68;74;70
193361;R. Soriano;27;Italy;77;Torino;9500000;Right;RCM;6'0;76;74;72
152916;R. Sambueza;34;Argentina;77;Deportivo Toluca;4500000;Left;RM;5'9;72;68;70
194644;Montoya;27;Spain;77;Brighton & Hove Albion;8000000;Right;RB;5'9;73;63;50
185174;A. Poli;28;Italy;77;Bologna;9000000;Right;RCM;6'0;77;74;54
